{
  "type": "minecraft:jigsaw",
  "biomes": "#siscu:has_structure/witch_hut_swamp",
  "max_distance_from_center": 20,
  "project_start_to_heightmap": "WORLD_SURFACE_WG",
  "size": 2,
  "spawn_overrides": {
    "creature": {
      "bounding_box": "piece",
      "spawns": [
        {
          "type": "minecraft:cat",
          "maxCount": 1,
          "minCount": 1,
          "weight": 1
        }
      ]
    },
    "monster": {
      "bounding_box": "piece",
      "spawns": [
        {
          "type": "minecraft:witch",
          "maxCount": 1,
          "minCount": 1,
          "weight": 1
        }
      ]
    }
  },
  "start_height": {
	"type": "uniform",
	"min_inclusive": {"absolute":1},
	"max_inclusive": {"absolute":3}
  },
  "start_pool": "siscu:witch_hut/swamp",
  "step": "surface_structures",
  "terrain_adaptation": "none",
  "use_expansion_hack": false
}
