{
    "name": "siscu:bastion_crevice_room",
    "fallback": "minecraft:empty",
    "elements": [
      {
        "element": {
          "element_type": "minecraft:single_pool_element",
          "location": "siscu:bastion/piglins/piglin",
          "processors": "minecraft:empty",
          "projection": "rigid"
        },
        "weight": 5
      },
      {
        "element": {
          "element_type": "minecraft:single_pool_element",
          "location": "siscu:bastion/piglins/piglin_baby",
          "processors": "minecraft:empty",
          "projection": "rigid"
        },
        "weight": 1
      },
      {
        "element": {
          "element_type": "minecraft:single_pool_element",
          "location": "siscu:bastion/piglins/brute",
          "processors": "minecraft:empty",
          "projection": "rigid"
        },
        "weight": 2
      }
    ]
}