{
  "name": "siscu:jungle_ruins/path_straight",
  "fallback": "minecraft:empty",
  "elements": [
    {
      "element": {
        "element_type": "minecraft:single_pool_element",
        "location": "siscu:village/jungle_ruins/paths/straight_1",
        "processors": "siscu:jungle_ruins_path",
        "projection": "terrain_matching"
      },
      "weight": 1
    },
    {
      "element": {
        "element_type": "minecraft:single_pool_element",
        "location": "siscu:village/jungle_ruins/paths/straight_2",
        "processors": "siscu:jungle_ruins_path",
        "projection": "terrain_matching"
      },
      "weight": 1
    },
    {
      "element": {
        "element_type": "minecraft:single_pool_element",
        "location": "siscu:village/jungle_ruins/paths/straight_3",
        "processors": "siscu:jungle_ruins_path",
        "projection": "terrain_matching"
      },
      "weight": 1
    }
  ]
}