{
  "type": "minecraft:chest",
  "pools": [
    {
      "rolls": 1.0,
      "bonus_rolls": 0.0,
      "entries": [
        {
          "type": "minecraft:item",
          "name": "minecraft:wooden_sword"
        },
        {
          "type": "minecraft:item",
          "name": "minecraft:stone_sword"
        },
        {
          "type": "minecraft:loot_table",
          "name": "siscu:groups/tools/copper_swords"
        },
        {
          "type": "minecraft:item",
          "name": "minecraft:iron_sword"
        }
      ]
    },
    {
      "rolls": 1.0,
      "bonus_rolls": 0.0,
      "entries": [
        {
          "type": "minecraft:item",
          "name": "minecraft:bow"
        }
      ]
    },
    {
      "rolls": 3.0,
      "bonus_rolls": 0.0,
      "entries": [
        {
          "type": "minecraft:item",
          "name": "minecraft:arrow",
		  "functions":[{
			  "function": "minecraft:set_count",
			  "count": {"type":"minecraft:uniform","min":1.0,"max":3.0}
		  }]
        }
      ]
    }
  ]
}