{
  "type": "minecraft:chest",
  "pools": [
    {
      "rolls": 3.0,
      "bonus_rolls": 0.0,
      "entries": [
        {
          "type": "minecraft:item",
          "name": "minecraft:blaze_powder"
        },
        {
          "type": "minecraft:item",
          "name": "minecraft:nether_wart"
        }
      ]
    },
    {
      "rolls": 8.0,
      "bonus_rolls": 0.0,
      "entries": [
        {
          "type": "minecraft:item",
          "name": "minecraft:fermented_spider_eye"
        },
        {
          "type": "minecraft:item",
          "name": "minecraft:glass_bottle"
        },
        {
          "type": "minecraft:item",
          "name": "minecraft:potion",
		  "functions":[{
			  "function":"minecraft:set_nbt",
			  "tag": "{Potion:\"minecraft:water\"}"
		  }]
        },
        {
          "type": "minecraft:item",
          "name": "minecraft:potion",
		  "functions":[{
			  "function":"minecraft:set_nbt",
			  "tag": "{Potion:\"minecraft:swiftness\"}"
		  }]
        },
        {
          "type": "minecraft:item",
          "name": "minecraft:potion",
		  "functions":[{
			  "function":"minecraft:set_nbt",
			  "tag": "{Potion:\"minecraft:leaping\"}"
		  }]
        },
        {
          "type": "minecraft:item",
          "name": "minecraft:potion",
		  "functions":[{
			  "function":"minecraft:set_nbt",
			  "tag": "{Potion:\"minecraft:healing\"}"
		  }]
        },
        {
          "type": "minecraft:item",
          "name": "minecraft:potion",
		  "functions":[{
			  "function":"minecraft:set_nbt",
			  "tag": "{Potion:\"minecraft:poison\"}"
		  }]
        },
        {
          "type": "minecraft:item",
          "name": "minecraft:potion",
		  "functions":[{
			  "function":"minecraft:set_nbt",
			  "tag": "{Potion:\"minecraft:strength\"}"
		  }]
        },
        {
          "type": "minecraft:item",
          "name": "minecraft:potion",
		  "functions":[{
			  "function":"minecraft:set_nbt",
			  "tag": "{Potion:\"minecraft:water_breathing\"}"
		  }]
        },
        {
          "type": "minecraft:item",
          "name": "minecraft:potion",
		  "functions":[{
			  "function":"minecraft:set_nbt",
			  "tag": "{Potion:\"minecraft:night_vision\"}"
		  }]
        },
        {
          "type": "minecraft:item",
          "name": "minecraft:potion",
		  "functions":[{
			  "function":"minecraft:set_nbt",
			  "tag": "{Potion:\"minecraft:fire_resistance\"}"
		  }]
        }
      ]
    }
  ]
}