{
  "type": "minecraft:chest",
  "pools": [
    {
      "rolls": {
		  "type": "minecraft:uniform",
		  "min": 5.0,
		  "max": 10.0
	  },
      "bonus_rolls": 0.0,
      "entries": [
        {
			"type": "minecraft:item",
			"name": "minecraft:book",
			"weight": 50,
			"functions": [{
				"function": "minecraft:set_count",
				"count": {
					"type": "minecraft:uniform","min":1.0,"max":5.0
				}
			}],
			"weight": 5
        },
        {
			"type": "minecraft:item",
			"name": "minecraft:book",
			"functions": [
			{
				"function": "minecraft:enchant_with_levels",
				"levels": 30.0,
				"treasure": true
			}
			]
        },
		{
			"type": "minecraft:item",
			"name": "minecraft:paper",
			"weight": 30,
			"functions": [{
				"function": "minecraft:set_count",
				"count": {
					"type": "minecraft:uniform","min":2.0,"max":5.0
				}
			}]
		},
		{
			"type": "minecraft:item",
			"name": "minecraft:feather",
			"weight": 10,
			"functions": [{
				"function": "minecraft:set_count",
				"count": {
					"type": "minecraft:uniform","min":1.0,"max":5.0
				}
			}]
		},
		{
			"type": "minecraft:item",
			"name": "minecraft:leather",
			"weight": 5,
			"functions": [{
				"function": "minecraft:set_count",
				"count": {
					"type": "minecraft:uniform","min":1.0,"max":4.0
				}
			}]
		},
		{
			"type": "minecraft:item",
			"name": "minecraft:ink_sac",
			"weight": 5,
			"functions": [{
				"function": "minecraft:set_count",
				"count": {
					"type": "minecraft:uniform","min":1.0,"max":3.0
				}
			}]
		},
		{
			"type": "minecraft:item",
			"name": "minecraft:writable_book",
			"weight": 1
		},
		{
			"type": "minecraft:loot_table",
			"name": "siscu:items/misc/potion_book",
			"weight": 5
		},
		{
			"type": "minecraft:loot_table",
			"name": "siscu:items/misc/suspicious_stew_book",
			"weight": 5
		}
      ]
    }
  ]
}