{
  "type": "minecraft:barter",
  "pools": [
  {
	  "rolls": 1.0,
	  "entries": [
	  {
		  "type": "minecraft:loot_table",
		  "name": "siscu:gameplay/normal_bartering"
	  }
	  ],
	  "conditions": [{
		  "condition": "minecraft:inverted",
		  "term": {
			  "condition": "minecraft:entity_properties",
			  "entity": "this",
			  "predicate": {
				  "nbt": "{Tags:[\"collectionist\"]}"
			  }
		  }
	  }]
  },
  {
	  "rolls": 1.0,
	  "entries": [
	  {
		  "type": "minecraft:loot_table",
		  "name": "siscu:gameplay/collectionist"
	  }
	  ],
	  "conditions": [
	  {
		  "condition": "minecraft:entity_properties",
		  "entity": "this",
		  "predicate": {
			  "nbt": "{Tags:[\"collectionist\"]}"
		  }
	  }
	  ]
  }
  ]
}