{
  "name": "siscu:bastion_crevice_room",
  "fallback": "minecraft:empty",
  "elements": [
    {
      "element": {
        "element_type": "minecraft:single_pool_element",
        "location": "siscu:bastion/crevice/rooms/small_0",
        "processors": "siscu:bastion",
        "projection": "rigid"
      },
      "weight": 20
    },
    {
      "element": {
        "element_type": "minecraft:single_pool_element",
        "location": "siscu:bastion/crevice/rooms/small_1",
        "processors": "siscu:bastion",
        "projection": "rigid"
      },
      "weight": 20
    },
    {
      "element": {
        "element_type": "minecraft:single_pool_element",
        "location": "siscu:bastion/crevice/rooms/small_2",
        "processors": "siscu:bastion",
        "projection": "rigid"
      },
      "weight": 20
    },
    {
      "element": {
        "element_type": "minecraft:single_pool_element",
        "location": "siscu:bastion/crevice/rooms/small_3",
        "processors": "siscu:bastion",
        "projection": "rigid"
      },
      "weight": 20
    },
    {
      "element": {
        "element_type": "minecraft:single_pool_element",
        "location": "siscu:bastion/crevice/rooms/small_4",
        "processors": "siscu:bastion",
        "projection": "rigid"
      },
      "weight": 20
    },
    {
      "element": {
        "element_type": "minecraft:single_pool_element",
        "location": "siscu:bastion/crevice/rooms/small_5",
        "processors": "siscu:bastion",
        "projection": "rigid"
      },
      "weight": 20
    },
    {
      "element": {
        "element_type": "minecraft:single_pool_element",
        "location": "siscu:bastion/crevice/rooms/small_6",
        "processors": "siscu:bastion",
        "projection": "rigid"
      },
      "weight": 20
    },
    {
      "element": {
        "element_type": "minecraft:single_pool_element",
        "location": "siscu:bastion/crevice/rooms/small_7",
        "processors": "siscu:bastion",
        "projection": "rigid"
      },
      "weight": 20
    },
    {
      "element": {
        "element_type": "minecraft:single_pool_element",
        "location": "siscu:bastion/crevice/rooms/small_8",
        "processors": "siscu:bastion",
        "projection": "rigid"
      },
      "weight": 20
    },
    {
      "element": {
        "element_type": "minecraft:single_pool_element",
        "location": "siscu:bastion/crevice/rooms/small_9",
        "processors": "siscu:bastion",
        "projection": "rigid"
      },
      "weight": 20
    },
    {
      "element": {
        "element_type": "minecraft:single_pool_element",
        "location": "siscu:bastion/crevice/rooms/small_10",
        "processors": "siscu:bastion",
        "projection": "rigid"
      },
      "weight": 20
    },
    {
      "element": {
        "element_type": "minecraft:single_pool_element",
        "location": "siscu:bastion/crevice/rooms/small_11",
        "processors": "siscu:bastion",
        "projection": "rigid"
      },
      "weight": 20
    },
    {
      "element": {
        "element_type": "minecraft:single_pool_element",
        "location": "siscu:bastion/crevice/rooms/small_12",
        "processors": "siscu:bastion",
        "projection": "rigid"
      },
      "weight": 20
    }
  ]
}