{
  "name": "siscu:nether_fortress/corridors/long",
  "fallback": "minecraft:empty",
  "elements": [
    {
      "element": {
        "element_type": "minecraft:single_pool_element",
        "location": "siscu:nether_fortress/corridors/long_corridor_1",
        "processors": "siscu:nether_fortress",
        "projection": "rigid"
      },
      "weight": 20
    },
    {
      "element": {
        "element_type": "minecraft:single_pool_element",
        "location": "siscu:nether_fortress/corridors/long_corridor_2",
        "processors": "siscu:nether_fortress",
        "projection": "rigid"
      },
      "weight": 20
    },
    {
      "element": {
        "element_type": "minecraft:single_pool_element",
        "location": "siscu:nether_fortress/corridors/long_corridor_3",
        "processors": "siscu:nether_fortress",
        "projection": "rigid"
      },
      "weight": 20
    },
    {
      "element": {
        "element_type": "minecraft:single_pool_element",
        "location": "siscu:nether_fortress/corridors/long_corridor_3_alt",
        "processors": "siscu:nether_fortress",
        "projection": "rigid"
      },
      "weight": 20
    },
    {
      "element": {
        "element_type": "minecraft:single_pool_element",
        "location": "siscu:nether_fortress/corridors/long_corridor_4",
        "processors": "siscu:nether_fortress",
        "projection": "rigid"
      },
      "weight": 20
    },
    {
      "element": {
        "element_type": "minecraft:single_pool_element",
        "location": "siscu:nether_fortress/corridors/long_corridor_5",
        "processors": "siscu:nether_fortress",
        "projection": "rigid"
      },
      "weight": 20
    },
    {
      "element": {
        "element_type": "minecraft:single_pool_element",
        "location": "siscu:nether_fortress/corridors/long_corridor_6",
        "processors": "siscu:nether_fortress",
        "projection": "rigid"
      },
      "weight": 20
    }
  ]
}