{
  "config": {
	"to_place": {
		"type": "weighted_state_provider",
		"entries": [
		{
			"data": {
				"Name": "minecraft:nether_wart",
				"Properties": {"age":"3"}
			},
			"weight": 1
		},
		{
			"data": {
				"Name": "minecraft:nether_wart",
				"Properties": {"age":"2"}
			},
			"weight": 2
		},
		{
			"data": {
				"Name": "minecraft:nether_wart",
				"Properties": {"age":"1"}
			},
			"weight": 5
		},
		{
			"data": {
				"Name": "minecraft:nether_wart",
				"Properties": {"age":"0"}
			},
			"weight": 10
		}
		]
	}
  },
  "type": "minecraft:simple_block"
}