{
  "pools": [
    {
      "rolls": 1,
      "entries": [
        {
          "type": "minecraft:loot_table",
          "name": "siscu:items/weapons/piglin_brute_shield",
		  "weight":1
        },
        {
          "type": "minecraft:loot_table",
          "name": "siscu:items/weapons/piglin_shield_crimson_1",
		  "weight":1
        },
        {
          "type": "minecraft:loot_table",
          "name": "siscu:items/weapons/piglin_shield_crimson_2",
		  "weight":1
        },
        {
          "type": "minecraft:loot_table",
          "name": "siscu:items/weapons/piglin_shield_crimson_3",
		  "weight":1
        },
        {
          "type": "minecraft:loot_table",
          "name": "siscu:items/weapons/piglin_shield_crimson_4",
		  "weight":1
        },
        {
          "type": "minecraft:loot_table",
          "name": "siscu:items/weapons/piglin_shield_crimson_5",
		  "weight":1
        },
        {
          "type": "minecraft:loot_table",
          "name": "siscu:items/weapons/piglin_shield_crimson_6",
		  "weight":1
        },
        {
          "type": "minecraft:loot_table",
          "name": "siscu:items/weapons/piglin_shield_crimson_7",
		  "weight":1
        },
        {
          "type": "minecraft:loot_table",
          "name": "siscu:items/weapons/piglin_shield_crimson_8",
		  "weight":1
        },
        {
          "type": "minecraft:loot_table",
          "name": "siscu:items/weapons/piglin_shield_crimson_9",
		  "weight":1
        },
        {
          "type": "minecraft:loot_table",
          "name": "siscu:items/weapons/piglin_shield_crimson_10",
		  "weight":1
        },
        {
          "type": "minecraft:loot_table",
          "name": "siscu:items/weapons/piglin_shield_crimson_11",
		  "weight":1
        },
        {
          "type": "minecraft:loot_table",
          "name": "siscu:items/weapons/piglin_shield_crimson_12",
		  "weight":1
        },
        {
          "type": "minecraft:loot_table",
          "name": "siscu:items/weapons/piglin_shield_warped_1",
		  "weight":1
        },
        {
          "type": "minecraft:loot_table",
          "name": "siscu:items/weapons/piglin_shield_warped_2",
		  "weight":1
        },
        {
          "type": "minecraft:loot_table",
          "name": "siscu:items/weapons/piglin_shield_warped_3",
		  "weight":1
        },
        {
          "type": "minecraft:loot_table",
          "name": "siscu:items/weapons/piglin_shield_warped_4",
		  "weight":1
        }		
		],
		"conditions": [
		{
			"condition": "minecraft:random_chance",
			"chance": 0.25
		}
		]
	}
  ]
}