{
  "pools": [
    {
      "rolls": 1,
      "entries": [
        {
          "type": "minecraft:item",
          "name": "minecraft:air",
		  "weight":90
        },
        {
          "type": "minecraft:item",
          "name": "minecraft:golden_boots",
		  "weight":9
        },
        {
          "type": "minecraft:item",
          "name": "minecraft:chainmail_boots",
		  "weight":1
        }	,
        {
          "type": "minecraft:item",
          "name": "minecraft:netherite_boots",
		  "weight":1,
		  "functions": [
		  {
			  "function": "minecraft:set_nbt",
			  "tag": "{RepairCost: 100}"
		  }
		  ]
        }	
	]
    }
  ]
}