{
  "pools": [
    {
      "rolls": 1,
      "entries": [
        {
          "type": "minecraft:item",
          "name": "minecraft:bone",
		  "functions":[
		  {
			  "function": "minecraft:set_nbt",
			  "tag": "{CustomModelData:548120}"
		  }
		  ],
		  "conditions": [
		  {
			  "condition": "minecraft:entity_properties",
			  "entity": "this",
			  "predicate": {"nbt":"{VillagerData: {profession: \"minecraft:none\"}}"}
		  }
		  ]
		},
        {
          "type": "minecraft:item",
          "name": "minecraft:bone",
		  "functions":[
		  {
			  "function": "minecraft:set_nbt",
			  "tag": "{CustomModelData:548121}"
		  }
		  ],
		  "conditions": [
		  {
			  "condition": "minecraft:entity_properties",
			  "entity": "this",
			  "predicate": {"nbt":"{VillagerData: {profession: \"minecraft:armorer\"}}"}
		  }
		  ]
		},
        {
          "type": "minecraft:item",
          "name": "minecraft:bone",
		  "functions":[
		  {
			  "function": "minecraft:set_nbt",
			  "tag": "{CustomModelData:548122}"
		  }
		  ],
		  "conditions": [
		  {
			  "condition": "minecraft:entity_properties",
			  "entity": "this",
			  "predicate": {"nbt":"{VillagerData: {profession: \"minecraft:butcher\"}}"}
		  }
		  ]
		},
        {
          "type": "minecraft:item",
          "name": "minecraft:bone",
		  "functions":[
		  {
			  "function": "minecraft:set_nbt",
			  "tag": "{CustomModelData:548123}"
		  }
		  ],
		  "conditions": [
		  {
			  "condition": "minecraft:entity_properties",
			  "entity": "this",
			  "predicate": {"nbt":"{VillagerData: {profession: \"minecraft:cartographer\"}}"}
		  }
		  ]
		},
        {
          "type": "minecraft:item",
          "name": "minecraft:bone",
		  "functions":[
		  {
			  "function": "minecraft:set_nbt",
			  "tag": "{CustomModelData:548124}"
		  }
		  ],
		  "conditions": [
		  {
			  "condition": "minecraft:entity_properties",
			  "entity": "this",
			  "predicate": {"nbt":"{VillagerData: {profession: \"minecraft:cleric\"}}"}
		  }
		  ]
		},
        {
          "type": "minecraft:item",
          "name": "minecraft:bone",
		  "functions":[
		  {
			  "function": "minecraft:set_nbt",
			  "tag": "{CustomModelData:548125}"
		  }
		  ],
		  "conditions": [
		  {
			  "condition": "minecraft:entity_properties",
			  "entity": "this",
			  "predicate": {"nbt":"{VillagerData: {profession: \"minecraft:farmer\"}}"}
		  }
		  ]
		},
        {
          "type": "minecraft:item",
          "name": "minecraft:bone",
		  "functions":[
		  {
			  "function": "minecraft:set_nbt",
			  "tag": "{CustomModelData:548126}"
		  }
		  ],
		  "conditions": [
		  {
			  "condition": "minecraft:entity_properties",
			  "entity": "this",
			  "predicate": {"nbt":"{VillagerData: {profession: \"minecraft:fisherman\"}}"}
		  }
		  ]
		},
        {
          "type": "minecraft:item",
          "name": "minecraft:bone",
		  "functions":[
		  {
			  "function": "minecraft:set_nbt",
			  "tag": "{CustomModelData:548127}"
		  }
		  ],
		  "conditions": [
		  {
			  "condition": "minecraft:entity_properties",
			  "entity": "this",
			  "predicate": {"nbt":"{VillagerData: {profession: \"minecraft:fletcher\"}}"}
		  }
		  ]
		},
        {
          "type": "minecraft:item",
          "name": "minecraft:bone",
		  "functions":[
		  {
			  "function": "minecraft:set_nbt",
			  "tag": "{CustomModelData:548128}"
		  }
		  ],
		  "conditions": [
		  {
			  "condition": "minecraft:entity_properties",
			  "entity": "this",
			  "predicate": {"nbt":"{VillagerData: {profession: \"minecraft:leatherworker\"}}"}
		  }
		  ]
		},
        {
          "type": "minecraft:item",
          "name": "minecraft:bone",
		  "functions":[
		  {
			  "function": "minecraft:set_nbt",
			  "tag": "{CustomModelData:548129}"
		  }
		  ],
		  "conditions": [
		  {
			  "condition": "minecraft:entity_properties",
			  "entity": "this",
			  "predicate": {"nbt":"{VillagerData: {profession: \"minecraft:librarian\"}}"}
		  }
		  ]
		},
        {
          "type": "minecraft:item",
          "name": "minecraft:bone",
		  "functions":[
		  {
			  "function": "minecraft:set_nbt",
			  "tag": "{CustomModelData:548130}"
		  }
		  ],
		  "conditions": [
		  {
			  "condition": "minecraft:entity_properties",
			  "entity": "this",
			  "predicate": {"nbt":"{VillagerData: {profession: \"minecraft:nitwit\"}}"}
		  }
		  ]
		},
        {
          "type": "minecraft:item",
          "name": "minecraft:bone",
		  "functions":[
		  {
			  "function": "minecraft:set_nbt",
			  "tag": "{CustomModelData:548131}"
		  }
		  ],
		  "conditions": [
		  {
			  "condition": "minecraft:entity_properties",
			  "entity": "this",
			  "predicate": {"nbt":"{VillagerData: {profession: \"minecraft:mason\"}}"}
		  }
		  ]
		},
        {
          "type": "minecraft:item",
          "name": "minecraft:bone",
		  "functions":[
		  {
			  "function": "minecraft:set_nbt",
			  "tag": "{CustomModelData:548132}"
		  }
		  ],
		  "conditions": [
		  {
			  "condition": "minecraft:entity_properties",
			  "entity": "this",
			  "predicate": {"nbt":"{VillagerData: {profession: \"minecraft:shepherd\"}}"}
		  }
		  ]
		},
        {
          "type": "minecraft:item",
          "name": "minecraft:bone",
		  "functions":[
		  {
			  "function": "minecraft:set_nbt",
			  "tag": "{CustomModelData:548133}"
		  }
		  ],
		  "conditions": [
		  {
			  "condition": "minecraft:entity_properties",
			  "entity": "this",
			  "predicate": {"nbt":"{VillagerData: {profession: \"minecraft:toolsmith\"}}"}
		  }
		  ]
		},
        {
          "type": "minecraft:item",
          "name": "minecraft:bone",
		  "functions":[
		  {
			  "function": "minecraft:set_nbt",
			  "tag": "{CustomModelData:548134}"
		  }
		  ],
		  "conditions": [
		  {
			  "condition": "minecraft:entity_properties",
			  "entity": "this",
			  "predicate": {"nbt":"{VillagerData: {profession: \"minecraft:weaponsmith\"}}"}
		  }
		  ]
		}
		]
	  }
	]
}