{
  "processors": [
    {
      "rules": [
        {
          "input_predicate": {
            "block": "minecraft:polished_blackstone_bricks",
            "predicate_type": "minecraft:random_block_match",
            "probability": 0.1
          },
          "location_predicate": {
            "predicate_type": "minecraft:always_true"
          },
          "output_state": {
            "Name": "minecraft:cracked_polished_blackstone_bricks"
          }
        }
      ],
      "processor_type": "minecraft:rule"
    }
  ]
}