{
  "type": "minecraft:fishing",
  "pools": [
    {
      "rolls": 1.0,
      "bonus_rolls": 0.0,
      "entries": [
        {
          "type": "minecraft:loot_table",
          "name": "siscu:items/food/fish",
		  "conditions": [{
			  "condition": "minecraft:inverted",
			  "term": {
				  "condition": "minecraft:reference",
				  "name": "siscu:gameplay/fishing/check_if_fish"
			  }
		  }]
        },
        {
          "type": "minecraft:item",
          "name": "minecraft:cod",
		  "conditions": [{
			  "condition": "minecraft:reference",
			  "name": "siscu:gameplay/fishing/cod_biomes"
		  }],
		  "weight": 10
        },
        {
          "type": "minecraft:item",
          "name": "minecraft:salmon",
		  "conditions": [{
			  "condition": "minecraft:reference",
			  "name": "siscu:gameplay/fishing/salmon_biomes"
		  }],
		  "weight": 10
        },
        {
          "type": "minecraft:item",
          "name": "minecraft:tropical_fish",
          "weight": 20,
		  "conditions": [{
			  "condition": "minecraft:reference",
			  "name": "siscu:gameplay/fishing/tropical_fish_biomes"
		  }]
        },
        {
          "type": "minecraft:item",
          "name": "minecraft:pufferfish",
		  "weight": 10,
		  "conditions": [{
			  "condition": "minecraft:reference",
			  "name": "siscu:gameplay/fishing/pufferfish_biomes"
		  }]
        },
        {
          "type": "minecraft:loot_table",
          "name": "siscu:items/food/bass",
		  "weight": 10,
		  "conditions": [{
			  "condition": "minecraft:reference",
			  "name": "siscu:gameplay/fishing/bass_biomes"
		  }]
        },
        {
          "type": "minecraft:loot_table",
          "name": "siscu:items/food/catfish",
		  "weight": 10,
		  "conditions": [{
			  "condition": "minecraft:reference",
			  "name": "siscu:gameplay/fishing/catfish_biomes"
		  }]
        },
        {
          "type": "minecraft:loot_table",
          "name": "siscu:items/food/frog",
		  "weight": 5,
		  "conditions": [{
			  "condition": "minecraft:reference",
			  "name": "siscu:gameplay/fishing/frog_biomes"
		  }]
        },
        {
          "type": "minecraft:loot_table",
          "name": "siscu:items/food/tuna",
		  "weight": 10,
		  "conditions": [{
			  "condition": "minecraft:reference",
			  "name": "siscu:gameplay/fishing/tuna_biomes"
		  }]
        },
        {
          "type": "minecraft:loot_table",
          "name": "siscu:items/food/trout",
		  "weight": 10,
		  "conditions": [{
			  "condition": "minecraft:reference",
			  "name": "siscu:gameplay/fishing/trout_biomes"
		  }]
        },
        {
          "type": "minecraft:loot_table",
          "name": "siscu:items/food/pufferfish",
		  "weight": 10,
		  "conditions": [{
			  "condition": "minecraft:reference",
			  "name": "siscu:gameplay/fishing/pufferfish_biomes"
		  }]
        },
        {
          "type": "minecraft:loot_table",
          "name": "siscu:items/food/koi",
		  "weight": 10,
		  "conditions": [{
			  "condition": "minecraft:reference",
			  "name": "siscu:gameplay/fishing/koi_biomes"
		  }]
        }
      ]
    }
  ]
}