{
  "feature": "siscu:spring_nether_closed_blackstone",
  "placement": [
    {
      "count": 16,
      "type": "minecraft:count"
    },
    {
      "type": "minecraft:in_square"
    },
    {
      "height": {
        "min_inclusive": {
          "above_bottom": 10
        },
        "max_inclusive": {
          "below_top": 10
        },
        "type": "minecraft:uniform"
      },
      "type": "minecraft:height_range"
    },
    {
      "type": "minecraft:biome"
    }
  ]
}