{
	"credit": "Made by CiscuLog with Blockbench",
	"parent": "minecraft:item/handheld",
	"textures": {
		"layer0": "siscu_se:item/battle_staff"
	},
	"gui_light": "front",
	"display": {
		"thirdperson_righthand": {
			"rotation": [0, -90, 45],
			"translation": [-0.75, 6, 0.75],
			"scale": [1.7, 1.7, 0.85]
		},
		"thirdperson_lefthand": {
			"rotation": [0, 90, -45],
			"translation": [-0.75, 6, 0.75],
			"scale": [1.7, 1.7, 0.85]
		},
		"firstperson_righthand": {
			"rotation": [0, -90, 25],
			"translation": [1.13, 3.2, 1.13],
			"scale": [1.7, 1.7, 0.68]
		},
		"firstperson_lefthand": {
			"rotation": [0, -90, 115],
			"translation": [1.13, 3.2, 1.13],
			"scale": [1.7, 1.7, 0.68]
		},
		"ground": {
			"translation": [0, 2, 0],
			"scale": [1, 1, 0.5]
		},
		"gui": {
			"scale": [2, 2, 1]
		},
		"head": {
			"rotation": [0, 180, 0],
			"translation": [0, 13, 7],
			"scale": [2, 2, 1]
		},
		"fixed": {
			"rotation": [0, 180, 0],
			"translation": [0, 0, -0.5],
			"scale": [2, 2, 1]
		}
	}
}