{
	"credit": "Made by CiscuLog with Blockbench",
	"textures": {
		"0": "siscu_se:item/piglin_shield",
		"2": "siscu_se:item/piglin_shield_item",
		"particle": "block/gold_block"
	},
	"elements": [
		{
			"from": [4.5, 6, 6],
			"to": [11.5, 10, 10],
			"rotation": {"angle": 0, "axis": "x", "origin": [8, 2.5, 8]},
			"faces": {
				"north": {"uv": [8, 4, 12, 11], "rotation": 270, "texture": "#0"},
				"south": {"uv": [0, 4, 4, 11], "rotation": 90, "texture": "#0"},
				"up": {"uv": [12, 4, 16, 11], "rotation": 90, "texture": "#0"},
				"down": {"uv": [4, 4, 8, 11], "rotation": 90, "texture": "#0"}
			}
		},
		{
			"from": [4.5, 6.005, 9.995],
			"to": [11.5, 9.995, 6.005],
			"rotation": {"angle": 0, "axis": "x", "origin": [8, 2.5, 8]},
			"faces": {
				"north": {"uv": [4, 4, 0, 11], "rotation": 270, "texture": "#0"},
				"east": {"uv": [16, 16, 0, 0], "rotation": 180, "texture": "#2"},
				"south": {"uv": [12, 4, 8, 11], "rotation": 90, "texture": "#0"},
				"west": {"uv": [12, 0, 8, 4], "texture": "#0"},
				"up": {"uv": [16, 4, 12, 11], "rotation": 90, "texture": "#0"},
				"down": {"uv": [8, 4, 4, 11], "rotation": 90, "texture": "#0"}
			}
		}
	],
	"gui_light": "front",
	"display": {
		"thirdperson_righthand": {
			"rotation": [0, -90, 0],
			"translation": [0, -2, 5.25],
			"scale": [1.2, 1.2, 1.2]
		},
		"thirdperson_lefthand": {
			"rotation": [0, -90, -180],
			"translation": [0, -2, 5],
			"scale": [1.2, 1.2, 1.2]
		},
		"firstperson_righthand": {
			"rotation": [73.75, 0, 94.75],
			"translation": [3, 2, 0]
		},
		"firstperson_lefthand": {
			"rotation": [73.75, 0, -94.75],
			"translation": [3, 2, 0]
		},
		"ground": {
			"rotation": [0, -180, 90],
			"translation": [0, 1, 0]
		},
		"gui": {
			"rotation": [-90, 90, 90],
			"scale": [1, 4, 4]
		},
		"head": {
			"translation": [0, 2.5, 0]
		},
		"fixed": {
			"rotation": [0, 0, 90],
			"scale": [2, 2, 2]
		}
	}
}