{
	"credit": "Made by CiscuLog with Blockbench",
	"texture_size": [128, 64],
	"textures": {
		"0": "entity/hoglin/hoglin",
		"particle": "entity/hoglin/hoglin"
	},
	"elements": [
		{
			"from": [1, 0, 0],
			"to": [15, 6, 19],
			"faces": {
				"north": {"uv": [10, 5, 11.75, 6.5], "texture": "#0"},
				"east": {"uv": [7.625, 5, 10, 6.5], "texture": "#0"},
				"south": {"uv": [14.125, 5, 15.875, 6.5], "texture": "#0"},
				"west": {"uv": [11.75, 5, 14.125, 6.5], "texture": "#0"},
				"up": {"uv": [11.75, 5, 10, 0.25], "texture": "#0"},
				"down": {"uv": [13.5, 0.25, 11.75, 5], "texture": "#0"}
			}
		},
		{
			"from": [15, 5, 14],
			"to": [21, 6, 18],
			"rotation": {"angle": -45, "axis": "z", "origin": [14, 5.5, 16]},
			"faces": {
				"north": {"uv": [0.625, 1.25, 1.375, 1.5], "texture": "#0"},
				"east": {"uv": [0.125, 1.25, 0.625, 1.5], "texture": "#0"},
				"south": {"uv": [1.875, 1.25, 2.625, 1.5], "texture": "#0"},
				"west": {"uv": [1.375, 1.25, 1.875, 1.5], "texture": "#0"},
				"up": {"uv": [1.375, 1.25, 0.625, 0.25], "texture": "#0"},
				"down": {"uv": [2.125, 0.25, 1.375, 1.25], "texture": "#0"}
			}
		},
		{
			"from": [-5, 5, 14],
			"to": [1, 6, 18],
			"rotation": {"angle": 45, "axis": "z", "origin": [2, 5.5, 16]},
			"faces": {
				"north": {"uv": [0.625, 2.5, 1.375, 2.75], "texture": "#0"},
				"east": {"uv": [0.125, 2.5, 0.625, 2.75], "texture": "#0"},
				"south": {"uv": [1.875, 2.5, 2.625, 2.75], "texture": "#0"},
				"west": {"uv": [1.375, 2.5, 1.875, 2.75], "texture": "#0"},
				"up": {"uv": [1.375, 2.5, 0.625, 1.5], "texture": "#0"},
				"down": {"uv": [2.125, 1.5, 1.375, 2.5], "texture": "#0"}
			}
		},
		{
			"from": [15, 1, 6],
			"to": [17, 12, 8],
			"faces": {
				"north": {"uv": [0.375, 3.75, 0.625, 6.5], "texture": "#0"},
				"east": {"uv": [0.125, 3.75, 0.375, 6.5], "texture": "#0"},
				"south": {"uv": [0.875, 3.75, 1.125, 6.5], "texture": "#0"},
				"west": {"uv": [0.625, 3.75, 0.875, 6.5], "texture": "#0"},
				"up": {"uv": [0.625, 3.75, 0.375, 3.25], "texture": "#0"},
				"down": {"uv": [0.875, 3.25, 0.625, 3.75], "texture": "#0"}
			}
		},
		{
			"from": [-1, 1, 6],
			"to": [1, 12, 8],
			"faces": {
				"north": {"uv": [1.5, 3.75, 1.75, 6.5], "texture": "#0"},
				"east": {"uv": [1.25, 3.75, 1.5, 6.5], "texture": "#0"},
				"south": {"uv": [2, 3.75, 2.25, 6.5], "texture": "#0"},
				"west": {"uv": [1.75, 3.75, 2, 6.5], "texture": "#0"},
				"up": {"uv": [1.75, 3.75, 1.5, 3.25], "texture": "#0"},
				"down": {"uv": [2, 3.25, 1.75, 3.75], "texture": "#0"}
			}
		}
	],
	"display": {
		"thirdperson_righthand": {
			"rotation": [75, 45, 0],
			"translation": [0, 2.5, 0],
			"scale": [0.375, 0.375, 0.375]
		},
		"thirdperson_lefthand": {
			"rotation": [75, 45, 0],
			"translation": [0, 2.5, 0],
			"scale": [0.375, 0.375, 0.375]
		},
		"firstperson_righthand": {
			"rotation": [0, 45, 0],
			"scale": [0.4, 0.4, 0.4]
		},
		"firstperson_lefthand": {
			"rotation": [0, 225, 0],
			"scale": [0.4, 0.4, 0.4]
		},
		"ground": {
			"rotation": [-25, 0, 0],
			"translation": [0, 3, -2],
			"scale": [0.5, 0.5, 0.5]
		},
		"gui": {
			"rotation": [61, -150, 25],
			"translation": [1.75, 1.5, 0],
			"scale": [0.625, 0.625, 0.625]
		},
		"fixed": {
			"rotation": [-55, 0, 0],
			"translation": [0, 0, -17],
			"scale": [2, 2, 2]
		},
		"head": {
			"rotation": [-45, 0, 0],
			"translation": [0, 5.25, -13.5],
			"scale": [1.5, 1.5, 1.5]
		}
	}
}