{
	"credit": "Made by CiscuLog with Blockbench",
	"textures": {
		"0": "siscu_se:item/netherite_horse_armor",
		"particle": "siscu_se:item/netherite_horse_armor"
	},
	"elements": [
		{
			"from": [1, 2, 7.5],
			"to": [13, 6, 8.5],
			"faces": {
				"north": {"uv": [13, 10, 1, 14], "texture": "#0"},
				"east": {"uv": [12, 10, 13, 14], "texture": "#0"},
				"south": {"uv": [1, 10, 13, 14], "texture": "#0"},
				"west": {"uv": [1, 9, 2, 14], "texture": "#0"},
				"up": {"uv": [1, 10, 13, 11], "texture": "#0"},
				"down": {"uv": [1, 13, 13, 14], "texture": "#0"}
			}
		},
		{
			"from": [1, 6, 7.5],
			"to": [12, 7, 8.5],
			"faces": {
				"north": {"uv": [12, 9, 1, 10], "texture": "#0"},
				"east": {"uv": [11, 9, 12, 10], "texture": "#0"},
				"south": {"uv": [1, 9, 12, 10], "texture": "#0"},
				"west": {"uv": [1, 9, 2, 10], "texture": "#0"},
				"up": {"uv": [1, 9, 12, 10], "texture": "#0"},
				"down": {"uv": [1, 9, 12, 10], "texture": "#0"}
			}
		},
		{
			"from": [2, 7, 7.5],
			"to": [12, 8, 8.5],
			"faces": {
				"north": {"uv": [12, 8, 2, 9], "texture": "#0"},
				"east": {"uv": [11, 8, 12, 9], "texture": "#0"},
				"south": {"uv": [2, 8, 12, 9], "texture": "#0"},
				"west": {"uv": [2, 8, 3, 9], "texture": "#0"},
				"up": {"uv": [2, 8, 12, 9], "texture": "#0"},
				"down": {"uv": [2, 8, 12, 9], "texture": "#0"}
			}
		},
		{
			"from": [10, 8, 7.5],
			"to": [15, 11, 8.5],
			"faces": {
				"north": {"uv": [15, 5, 10, 8], "texture": "#0"},
				"east": {"uv": [14, 5, 15, 8], "texture": "#0"},
				"south": {"uv": [10, 5, 15, 8], "texture": "#0"},
				"west": {"uv": [10, 5, 11, 8], "texture": "#0"},
				"up": {"uv": [10, 5, 15, 6], "texture": "#0"},
				"down": {"uv": [10, 7, 15, 8], "texture": "#0"}
			}
		},
		{
			"from": [9, 8, 7.5],
			"to": [10, 10, 8.5],
			"faces": {
				"north": {"uv": [9, 6, 10, 8], "texture": "#0"},
				"east": {"uv": [9, 6, 10, 8], "texture": "#0"},
				"south": {"uv": [9, 6, 10, 8], "texture": "#0"},
				"west": {"uv": [9, 6, 10, 8], "texture": "#0"},
				"up": {"uv": [9, 6, 10, 7], "texture": "#0"},
				"down": {"uv": [9, 7, 10, 8], "texture": "#0"}
			}
		},
		{
			"from": [11, 11, 7.5],
			"to": [12, 13, 8.5],
			"faces": {
				"north": {"uv": [11, 3, 12, 5], "texture": "#0"},
				"east": {"uv": [11, 3, 12, 5], "texture": "#0"},
				"south": {"uv": [11, 3, 12, 5], "texture": "#0"},
				"west": {"uv": [11, 3, 12, 5], "texture": "#0"},
				"up": {"uv": [11, 3, 12, 4], "texture": "#0"},
				"down": {"uv": [11, 4, 12, 5], "texture": "#0"}
			}
		},
		{
			"from": [12, 11, 7.5],
			"to": [14, 12, 8.5],
			"faces": {
				"north": {"uv": [14, 4, 12, 5], "texture": "#0"},
				"east": {"uv": [13, 4, 14, 5], "texture": "#0"},
				"south": {"uv": [12, 4, 14, 5], "texture": "#0"},
				"west": {"uv": [12, 4, 13, 5], "texture": "#0"},
				"up": {"uv": [12, 4, 14, 5], "texture": "#0"},
				"down": {"uv": [12, 4, 14, 5], "texture": "#0"}
			}
		},
		{
			"from": [13, 10, 7.5],
			"to": [12, 11, 8.5],
			"faces": {
				"east": {"uv": [11, 5, 12, 6], "texture": "#0"},
				"west": {"uv": [13, 5, 14, 6], "texture": "#0"},
				"up": {"uv": [12, 4, 13, 5], "texture": "#0"},
				"down": {"uv": [12, 6, 13, 7], "texture": "#0"}
			}
		}
	],
	"gui_light": "front",
	"display": {
		"thirdperson_righthand": {
			"translation": [0, 3, 1],
			"scale": [0.55, 0.55, 0.55]
		},
		"thirdperson_lefthand": {
			"translation": [0, 3, 1],
			"scale": [0.55, 0.55, 0.55]
		},
		"firstperson_righthand": {
			"rotation": [0, -90, 25],
			"translation": [1.13, 3.2, 1.13],
			"scale": [0.68, 0.68, 0.68]
		},
		"firstperson_lefthand": {
			"rotation": [0, -90, 25],
			"translation": [1.13, 3.2, 1.13],
			"scale": [0.68, 0.68, 0.68]
		},
		"ground": {
			"translation": [0, 2, 0],
			"scale": [0.5, 0.5, 0.5]
		},
		"head": {
			"rotation": [0, 180, 0],
			"translation": [0, 13, 7]
		},
		"fixed": {
			"rotation": [0, 180, 0]
		}
	}
}