{
	"credit": "Made by CiscuLog with Blockbench",
	"texture_size": [64, 16],
	"textures": {
		"0": "siscu_se:item/piglin_skull_withered",
		"1": "siscu_se:item/blank"
	},
	"elements": [
		{
			"from": [3, 4, 4],
			"to": [13, 12, 12],
			"faces": {
				"north": {"uv": [2, 8, 4.5, 16], "texture": "#0"},
				"east": {"uv": [0, 8, 2, 16], "texture": "#0"},
				"south": {"uv": [6.5, 8, 9, 16], "texture": "#0"},
				"west": {"uv": [4.5, 8, 6.5, 16], "texture": "#0"},
				"up": {"uv": [4.5, 8, 2, 0], "texture": "#0"},
				"down": {"uv": [7, 0, 4.5, 8], "texture": "#0"}
			}
		},
		{
			"from": [10, 4, 3],
			"to": [11, 6, 4],
			"rotation": {"angle": 0, "axis": "y", "origin": [0, 4, 3]},
			"faces": {
				"north": {"uv": [0.75, 1, 1, 3], "texture": "#0"},
				"east": {"uv": [0.5, 1, 0.75, 3], "texture": "#0"},
				"south": {"uv": [1.25, 1, 1.5, 3], "texture": "#0"},
				"west": {"uv": [1, 1, 1.25, 3], "texture": "#0"},
				"up": {"uv": [1, 1, 0.75, 0], "texture": "#0"},
				"down": {"uv": [1.25, 0, 1, 1], "texture": "#0"}
			}
		},
		{
			"from": [5, 4, 3],
			"to": [6, 6, 4],
			"rotation": {"angle": 0, "axis": "y", "origin": [0, 4, 3]},
			"faces": {
				"north": {"uv": [0.75, 5, 1, 7], "texture": "#0"},
				"east": {"uv": [0.5, 5, 0.75, 7], "texture": "#0"},
				"south": {"uv": [1.25, 5, 1.5, 7], "texture": "#0"},
				"west": {"uv": [1, 5, 1.25, 7], "texture": "#0"},
				"up": {"uv": [1, 5, 0.75, 4], "texture": "#0"},
				"down": {"uv": [1.25, 4, 1, 5], "texture": "#0"}
			}
		},
		{
			"from": [6, 4, 3],
			"to": [10, 8, 4],
			"rotation": {"angle": 0, "axis": "y", "origin": [0, 4, 3]},
			"faces": {
				"north": {"uv": [8, 2, 9, 6], "texture": "#0"},
				"east": {"uv": [7.75, 2, 8, 6], "texture": "#0"},
				"south": {"uv": [9.25, 2, 10.25, 6], "texture": "#0"},
				"west": {"uv": [9, 2, 9.25, 6], "texture": "#0"},
				"up": {"uv": [9, 2, 8, 1], "texture": "#0"},
				"down": {"uv": [10, 1, 9, 2], "texture": "#0"}
			}
		},
		{
			"from": [2.995, 3, 2.99],
			"to": [13.005, 13, 13],
			"faces": {
				"north": {"uv": [2, 4, 4, 8], "texture": "#1"},
				"east": {"uv": [0, 4, 2, 8], "texture": "#1"},
				"south": {"uv": [6, 4, 8, 8], "texture": "#1"},
				"west": {"uv": [4, 4, 6, 8], "texture": "#1"},
				"up": {"uv": [4, 4, 2, 0], "texture": "#1"},
				"down": {"uv": [6, 0, 4, 4], "texture": "#1"}
			}
		}
	],
	"gui_light": "side",
	"display": {
		"thirdperson_righthand": {
			"rotation": [75, 45, 0],
			"translation": [0, 2.5, 0],
			"scale": [0.375, 0.375, 0.375]
		},
		"firstperson_righthand": {
			"rotation": [0, 45, 0],
			"scale": [0.4, 0.4, 0.4]
		},
		"ground": {
			"rotation": [0, 180, 0],
			"translation": [0, 2, 0],
			"scale": [0.5, 0.5, 0.5]
		},
		"gui": {
			"rotation": [30, 225, 0]
		},
		"head": {
			"scale": [1.601, 1.601, 1.601]
		}
	}
}