{
	"credit": "Made by CiscuLog with Blockbench",
	"texture_size": [64, 64],
	"textures": {
		"0": "minecraft:entity/piglin/piglin",
		"particle": "minecraft:entity/piglin/piglin"
	},
	"elements": [
		{
			"from": [3, 4, 4],
			"to": [13, 12, 12],
			"rotation": {"angle": 0, "axis": "y", "origin": [0, 4, 3]},
			"faces": {
				"north": {"uv": [2, 2, 4.5, 4], "texture": "#0"},
				"east": {"uv": [0, 2, 2, 4], "texture": "#0"},
				"south": {"uv": [6.5, 2, 9, 4], "texture": "#0"},
				"west": {"uv": [4.5, 2, 6.5, 4], "texture": "#0"},
				"up": {"uv": [4.5, 2, 2, 0], "texture": "#0"},
				"down": {"uv": [7, 0, 4.5, 2], "texture": "#0"}
			}
		},
		{
			"from": [10, 4, 3],
			"to": [11, 6, 4],
			"rotation": {"angle": 0, "axis": "y", "origin": [0, 4, 3]},
			"faces": {
				"north": {"uv": [0.75, 1.25, 1, 1.75], "texture": "#0"},
				"east": {"uv": [0.5, 1.25, 0.75, 1.75], "texture": "#0"},
				"south": {"uv": [1.25, 1.25, 1.5, 1.75], "texture": "#0"},
				"west": {"uv": [1, 1.25, 1.25, 1.75], "texture": "#0"},
				"up": {"uv": [1, 1.25, 0.75, 1], "texture": "#0"},
				"down": {"uv": [1.25, 1, 1, 1.25], "texture": "#0"}
			}
		},
		{
			"from": [5, 4, 3],
			"to": [6, 6, 4],
			"rotation": {"angle": 0, "axis": "y", "origin": [0, 4, 3]},
			"faces": {
				"north": {"uv": [0.75, 0.25, 1, 0.75], "texture": "#0"},
				"east": {"uv": [0.5, 0.25, 0.75, 0.75], "texture": "#0"},
				"south": {"uv": [1.25, 0.25, 1.5, 0.75], "texture": "#0"},
				"west": {"uv": [1, 0.25, 1.25, 0.75], "texture": "#0"},
				"up": {"uv": [1, 0.25, 0.75, 0], "texture": "#0"},
				"down": {"uv": [1.25, 0, 1, 0.25], "texture": "#0"}
			}
		},
		{
			"from": [6, 4, 3],
			"to": [10, 8, 4],
			"rotation": {"angle": 0, "axis": "y", "origin": [0, 4, 3]},
			"faces": {
				"north": {"uv": [8, 0.5, 9, 1.5], "texture": "#0"},
				"east": {"uv": [7.75, 0.5, 8, 1.5], "texture": "#0"},
				"south": {"uv": [9.25, 0.5, 10.25, 1.5], "texture": "#0"},
				"west": {"uv": [9, 0.5, 9.25, 1.5], "texture": "#0"},
				"up": {"uv": [9, 0.5, 8, 0.25], "texture": "#0"},
				"down": {"uv": [10, 0.25, 9, 0.5], "texture": "#0"}
			}
		},
		{
			"from": [12.25, 5, 6],
			"to": [13.25, 10, 10],
			"rotation": {"angle": 22.5, "axis": "z", "origin": [13, 10, 8]},
			"faces": {
				"north": {"uv": [10.75, 2.5, 11, 3.75], "texture": "#0"},
				"east": {"uv": [9.75, 2.5, 10.75, 3.75], "texture": "#0"},
				"south": {"uv": [12, 2.5, 12.25, 3.75], "texture": "#0"},
				"west": {"uv": [11, 2.5, 12, 3.75], "texture": "#0"},
				"up": {"uv": [11, 2.5, 10.75, 1.5], "texture": "#0"},
				"down": {"uv": [11.25, 1.5, 11, 2.5], "texture": "#0"}
			}
		},
		{
			"from": [2.75, 5, 6],
			"to": [3.75, 10, 10],
			"rotation": {"angle": -22.5, "axis": "z", "origin": [3, 10, 8]},
			"faces": {
				"north": {"uv": [13.75, 2.5, 14, 3.75], "texture": "#0"},
				"east": {"uv": [12.75, 2.5, 13.75, 3.75], "texture": "#0"},
				"south": {"uv": [15, 2.5, 15.25, 3.75], "texture": "#0"},
				"west": {"uv": [14, 2.5, 15, 3.75], "texture": "#0"},
				"up": {"uv": [14, 2.5, 13.75, 1.5], "texture": "#0"},
				"down": {"uv": [14.25, 1.5, 14, 2.5], "texture": "#0"}
			}
		}
	],
	"display": {
		"thirdperson_righthand": {
			"rotation": [75, 45, 0],
			"translation": [0, 2.5, 0],
			"scale": [0.375, 0.375, 0.375]
		},
		"thirdperson_lefthand": {
			"rotation": [75, 45, 0],
			"translation": [0, 2.5, 0],
			"scale": [0.375, 0.375, 0.375]
		},
		"firstperson_righthand": {
			"rotation": [0, 45, 0],
			"scale": [0.4, 0.4, 0.4]
		},
		"firstperson_lefthand": {
			"rotation": [0, 225, 0],
			"scale": [0.4, 0.4, 0.4]
		},
		"ground": {
			"translation": [0, 3, 0],
			"scale": [0.5, 0.5, 0.5]
		},
		"gui": {
			"rotation": [30, 225, 0]
		},
		"head": {
			"scale": [1.85, 1.85, 1.85]
		},
		"fixed": {
			"scale": [2, 2, 2]
		}
	}
}