{
	"credit": "Made by CiscuLog with Blockbench",
	"texture_size": [64, 32],
	"textures": {
		"2": "siscu_se:item/crimson_shield_1",
		"particle": "minecraft:block/dark_oak_planks"
	},
	"elements": [
		{
			"name": "Cube",
			"from": [-6, -11, 1],
			"to": [6, 11, 2],
			"rotation": {"angle": 0, "axis": "y", "origin": [0, 0, 1.5]},
			"faces": {
				"north": {"uv": [3.5, 0.5, 6.5, 11.5], "texture": "#2"},
				"east": {"uv": [3.25, 0.5, 3.5, 11.5], "texture": "#2"},
				"south": {"uv": [0.25, 0.5, 3.25, 11.5], "texture": "#2"},
				"west": {"uv": [0, 0.5, 0.25, 11.5], "texture": "#2"},
				"up": {"uv": [3.25, 0.5, 0.25, 0], "rotation": 180, "texture": "#2"},
				"down": {"uv": [6.25, 0, 3.25, 0.5], "rotation": 180, "texture": "#2"}
			}
		},
		{
			"name": "Cube",
			"from": [6, -11, 1],
			"to": [-6, 11, 2],
			"rotation": {"angle": 0, "axis": "y", "origin": [12, 0, 1.5]},
			"faces": {
				"north": {"uv": [6.5, 0.5, 3.5, 11.5], "texture": "#2"},
				"east": {"uv": [3.25, 0.5, 3.5, 11.5], "texture": "#2"},
				"south": {"uv": [3.25, 0.5, 0.25, 11.5], "texture": "#2"},
				"west": {"uv": [0, 0.5, 0.25, 11.5], "texture": "#2"},
				"up": {"uv": [3.25, 0.5, 0.25, 0], "rotation": 180, "texture": "#2"},
				"down": {"uv": [6.25, 0, 3.25, 0.5], "rotation": 180, "texture": "#2"}
			}
		},
		{
			"name": "Cube",
			"from": [-1, -3, -5],
			"to": [1, 3, 1],
			"shade": false,
			"rotation": {"angle": 0, "axis": "y", "origin": [0, -3, -2]},
			"faces": {
				"north": {"uv": [8.5, 3, 8, 6], "texture": "#2"},
				"east": {"uv": [10, 3, 8.5, 6], "texture": "#2"},
				"south": {"uv": [10.5, 3, 10, 6], "texture": "#2"},
				"west": {"uv": [8, 3, 6.5, 6], "texture": "#2"},
				"up": {"uv": [8, 3, 8.5, 0], "texture": "#2"},
				"down": {"uv": [8.5, 0, 9, 3], "texture": "#2"}
			}
		},
		{
			"name": "odd_texture",
			"from": [-5.025, -10.05, 2.01],
			"to": [5.025, 10.05, 2.01],
			"faces": {
				"south": {"uv": [10.75, 0.5, 13, 10.5], "texture": "#2"}
			}
		}
	],
	"gui_light": "front",
	"display": {
		"thirdperson_righthand": {
			"rotation": [0, 90, 0],
			"translation": [10, 6, -4]
		},
		"thirdperson_lefthand": {
			"rotation": [0, 90, 0],
			"translation": [10, 6, 12]
		},
		"firstperson_righthand": {
			"rotation": [0, 180, 5],
			"translation": [-10, 2, -10],
			"scale": [1.25, 1.25, 1.25]
		},
		"firstperson_lefthand": {
			"rotation": [0, 180, 5],
			"translation": [10, 0, -10],
			"scale": [1.25, 1.25, 1.25]
		},
		"ground": {
			"translation": [4, 4, 2],
			"scale": [0.25, 0.25, 0.25]
		},
		"gui": {
			"rotation": [15, -25, -5],
			"translation": [2, 3, 0],
			"scale": [0.65, 0.65, 0.65]
		},
		"fixed": {
			"rotation": [0, 180, 0],
			"translation": [-10, 10, -9.75],
			"scale": [1.25, 1.25, 1.25]
		}
	}
}