{
	"credit": "Made by CiscuLog with Blockbench",
	"texture_size": [32, 32],
	"textures": {
		"0": "siscu_se:item/rolled_curtain",
		"particle": "siscu_se:item/rolled_curtain"
	},
	"elements": [
		{
			"from": [0, 3, 7],
			"to": [16, 3, 10],
			"rotation": {"angle": 22.5, "axis": "x", "origin": [0, 3, 7]},
			"faces": {
				"north": {"uv": [16, 6.5, 8, 7], "texture": "#0"},
				"east": {"uv": [15.5, 6.5, 16, 8], "rotation": 90, "texture": "#0"},
				"south": {"uv": [8, 7.5, 16, 8], "texture": "#0"},
				"west": {"uv": [8, 6.5, 8.5, 8], "rotation": 270, "texture": "#0"},
				"up": {"uv": [8, 6.5, 16, 8], "texture": "#0"},
				"down": {"uv": [8, 16, 16, 14.5], "texture": "#0"}
			}
		},
		{
			"from": [0, 6, 7],
			"to": [16, 6, 10],
			"rotation": {"angle": 22.5, "axis": "x", "origin": [0, 6, 7]},
			"faces": {
				"north": {"uv": [16, 5, 8, 5.5], "texture": "#0"},
				"east": {"uv": [15.5, 5, 16, 6.5], "rotation": 90, "texture": "#0"},
				"south": {"uv": [8, 6, 16, 6.5], "texture": "#0"},
				"west": {"uv": [8, 5, 8.5, 6.5], "rotation": 270, "texture": "#0"},
				"up": {"uv": [8, 5, 16, 6.5], "texture": "#0"},
				"down": {"uv": [8, 14.5, 16, 13], "texture": "#0"}
			}
		},
		{
			"from": [0, 9, 7],
			"to": [16, 9, 10],
			"rotation": {"angle": 22.5, "axis": "x", "origin": [0, 9, 7]},
			"faces": {
				"north": {"uv": [16, 3.5, 8, 4], "texture": "#0"},
				"east": {"uv": [15.5, 3.5, 16, 5], "rotation": 90, "texture": "#0"},
				"south": {"uv": [8, 4.5, 16, 5], "texture": "#0"},
				"west": {"uv": [8, 3.5, 8.5, 5], "rotation": 270, "texture": "#0"},
				"up": {"uv": [8, 3.5, 16, 5], "texture": "#0"},
				"down": {"uv": [8, 13, 16, 11.5], "texture": "#0"}
			}
		},
		{
			"from": [0, 12, 7],
			"to": [16, 12, 10],
			"rotation": {"angle": 22.5, "axis": "x", "origin": [0, 12, 7]},
			"faces": {
				"north": {"uv": [16, 2, 8, 2.5], "texture": "#0"},
				"east": {"uv": [15.5, 2, 16, 3.5], "rotation": 90, "texture": "#0"},
				"south": {"uv": [8, 3, 16, 3.5], "texture": "#0"},
				"west": {"uv": [8, 2, 8.5, 3.5], "rotation": 270, "texture": "#0"},
				"up": {"uv": [8, 2, 16, 3.5], "texture": "#0"},
				"down": {"uv": [8, 11.5, 16, 10], "texture": "#0"}
			}
		},
		{
			"from": [0, 16, 7],
			"to": [16, 16, 11],
			"rotation": {"angle": 22.5, "axis": "x", "origin": [0, 16, 7]},
			"faces": {
				"north": {"uv": [16, 0, 8, 0.5], "texture": "#0"},
				"east": {"uv": [15.5, 0, 16, 2], "rotation": 90, "texture": "#0"},
				"south": {"uv": [8, 1.5, 16, 2], "texture": "#0"},
				"west": {"uv": [8, 0, 8.5, 2], "rotation": 270, "texture": "#0"},
				"up": {"uv": [8, 0, 16, 2], "texture": "#0"},
				"down": {"uv": [8, 10, 16, 8], "texture": "#0"}
			}
		},
		{
			"from": [14, 0, 7.51],
			"to": [15, 16, 7.51],
			"faces": {
				"north": {"uv": [0, 0, 0.5, 8], "texture": "#0"},
				"east": {"uv": [0, 0, 0.5, 8], "texture": "#0"},
				"south": {"uv": [0, 0, 0.5, 8], "texture": "#0"},
				"west": {"uv": [0, 0, 0.5, 8], "texture": "#0"},
				"up": {"uv": [0, 0, 0.5, 0.5], "texture": "#0"},
				"down": {"uv": [0, 0, 0.5, 0.5], "texture": "#0"}
			}
		},
		{
			"from": [1, 0, 7.51],
			"to": [2, 16, 7.51],
			"faces": {
				"north": {"uv": [0, 0, 0.5, 8], "texture": "#0"},
				"east": {"uv": [0, 0, 0.5, 8], "texture": "#0"},
				"south": {"uv": [0, 0, 0.5, 8], "texture": "#0"},
				"west": {"uv": [0, 0, 0.5, 8], "texture": "#0"},
				"up": {"uv": [0, 0, 0.5, 0.5], "texture": "#0"},
				"down": {"uv": [0, 0, 0.5, 0.5], "texture": "#0"}
			}
		}
	],
	"display": {
		"thirdperson_righthand": {
			"rotation": [90, -90, 0],
			"translation": [0, 3, 1],
			"scale": [0.55, 0.55, 0.55]
		},
		"thirdperson_lefthand": {
			"rotation": [90, -90, 0],
			"translation": [0, 3, 1],
			"scale": [0.55, 0.55, 0.55]
		},
		"firstperson_righthand": {
			"rotation": [0, -90, -45],
			"translation": [1.13, 3.2, 1.13],
			"scale": [0.68, 0.68, 0.68]
		},
		"firstperson_lefthand": {
			"rotation": [0, -90, -45],
			"translation": [1.13, 3.2, 1.13],
			"scale": [0.68, 0.68, 0.68]
		},
		"ground": {
			"translation": [0, 2, 0],
			"scale": [0.5, 0.5, 0.51]
		},
		"gui": {
			"rotation": [30, 45, 0],
			"scale": [0.625, 0.625, 0.625]
		},
		"head": {
			"rotation": [0, 180, 0],
			"translation": [0, 13, 7]
		},
		"fixed": {
			"rotation": [0, 180, 0],
			"translation": [0, 0, -1],
			"scale": [2, 2, 2]
		}
	}
}