{
	"credit": "Made by CiscuLog with Blockbench",
	"texture_size": [64, 48],
	"textures": {
		"0": "siscu_se:item/villager_skulls/villager_skull",
		"particle": "siscu_se:item/villager_skulls/villager_skull"
	},
	"elements": [
		{
			"from": [4, 4.25, 4],
			"to": [12, 14.25, 12],
			"faces": {
				"north": {"uv": [2, 2.66667, 4, 6], "texture": "#0"},
				"east": {"uv": [0, 2.66667, 2, 6], "texture": "#0"},
				"south": {"uv": [6, 2.66667, 8, 6], "texture": "#0"},
				"west": {"uv": [4, 2.66667, 6, 6], "texture": "#0"},
				"up": {"uv": [4, 2.66667, 2, 0], "texture": "#0"},
				"down": {"uv": [6, 0, 4, 2.66667], "texture": "#0"}
			}
		},
		{
			"from": [3.5, 3.75, 3.5],
			"to": [12.5, 14.75, 12.5],
			"faces": {
				"north": {"uv": [10, 2.66667, 12, 6], "texture": "#0"},
				"east": {"uv": [8, 2.66667, 10, 6], "texture": "#0"},
				"south": {"uv": [14, 2.66667, 16, 6], "texture": "#0"},
				"west": {"uv": [12, 2.66667, 14, 6], "texture": "#0"},
				"up": {"uv": [12, 2.66667, 10, 0], "texture": "#0"},
				"down": {"uv": [14, 0, 12, 2.66667], "texture": "#0"}
			}
		},
		{
			"from": [12.5, 3.75, 3.5],
			"to": [3.5, 14.75, 12.5],
			"faces": {
				"north": {"uv": [12, 2.66667, 10, 6], "texture": "#0"},
				"east": {"uv": [14, 2.66667, 12, 6], "texture": "#0"},
				"south": {"uv": [16, 2.66667, 14, 6], "texture": "#0"},
				"west": {"uv": [10, 2.66667, 8, 6], "texture": "#0"},
				"up": {"uv": [10, 2.66667, 12, 0], "texture": "#0"},
				"down": {"uv": [14, 0, 12, 2.66667], "texture": "#0"}
			}
		},
		{
			"from": [0, 9.25, 0],
			"to": [16, 10.25, 16],
			"faces": {
				"north": {"uv": [4, 11.33333, 8, 11.66667], "texture": "#0"},
				"east": {"uv": [0, 11.33333, 4, 11.66667], "texture": "#0"},
				"south": {"uv": [12, 11.33333, 16, 11.66667], "texture": "#0"},
				"west": {"uv": [8, 11.33333, 12, 11.66667], "texture": "#0"},
				"up": {"uv": [8, 11.33333, 4, 6], "texture": "#0"},
				"down": {"uv": [12, 6, 8, 11.33333], "texture": "#0"}
			}
		},
		{
			"from": [0, 10.25, 0],
			"to": [16, 9.25, 16],
			"faces": {
				"north": {"uv": [4, 11.33333, 8, 11.66667], "texture": "#0"},
				"east": {"uv": [0, 11.33333, 4, 11.66667], "texture": "#0"},
				"south": {"uv": [12, 11.33333, 16, 11.66667], "texture": "#0"},
				"west": {"uv": [8, 11.33333, 12, 11.66667], "texture": "#0"},
				"up": {"uv": [12, 11.33333, 8, 6], "texture": "#0"},
				"down": {"uv": [8, 6, 4, 11.33333], "texture": "#0"}
			}
		}
	],
	"gui_light": "side",
	"display": {
		"thirdperson_righthand": {
			"rotation": [75, 45, 0],
			"translation": [0, 2.5, 0],
			"scale": [0.375, 0.375, 0.375]
		},
		"firstperson_righthand": {
			"rotation": [0, 45, 0],
			"scale": [0.4, 0.4, 0.4]
		},
		"ground": {
			"rotation": [0, 180, 0],
			"translation": [0, 2, 0],
			"scale": [0.5, 0.5, 0.5]
		},
		"gui": {
			"rotation": [30, 225, 0],
			"translation": [0, -1, 0]
		},
		"head": {
			"scale": [1.601, 1.601, 1.601]
		}
	}
}