{
	"display":{
		"icon": {
			"item": "minecraft:glass"
		},
		"title": {"text":""},
		"description": {"text":"\uE300\u000A\u000A\u000A\u000A\u000A",
		"font":"siscu_se:recipes","color":"white"},
		"show_toast": true,
		"announce_to_chat": false,
		"hidden": true
	},
	"parent": "minecraft:datapack_recipes/blasting",
	"criteria": {
        "0": {
            "trigger": "minecraft:inventory_changed",
			"conditions": {
				"items": [{
					"items": ["red_sand"]
				}]
			}
        }
    }
}