{
	"display":{
		"icon": {
			"item": "minecraft:iron_axe",
			"nbt": "{CustomModelData:548101}"
		},
		"title": {"text":""},
		"description": {"text":"\uE002\u000A\u000A\u000A\u000A\u000A\u000A\u000A","font":"siscu_se:recipes","color":"white"},
		"show_toast": false,
		"announce_to_chat": false,
		"hidden": true
	},
	"parent": "siscu:recipes/copper_sword",
	"criteria": {
        "0": {
            "trigger": "minecraft:inventory_changed",
			"conditions": {
				"items": [{
					"tag": "minecraft:stick"
				}]
			}
        },
        "1": {
            "trigger": "minecraft:inventory_changed",
			"conditions": {
				"items": [{
					"items": ["copper_ingot"]
				}]
			}
        }
    }
}