{
	"display":{
		"icon": {
			"item": "minecraft:rabbit_stew",
			"nbt": "{CustomModelData:548102}"
		},
		"title": {"text":""},
		"description": {"text":"\uE100\u000A\u000A\u000A\u000A\u000A","font":"siscu_se:recipes","color":"white"},
		"show_toast": true,
		"announce_to_chat": false,
		"hidden": true
	},
	"parent": "minecraft:datapack_recipes/inventory",
	"criteria": {
        "0": {
            "trigger": "minecraft:inventory_changed",
			"conditions": {
				"items": [{
					"items": ["crimson_roots"]
				}]
			}
        },
        "1": {
            "trigger": "minecraft:inventory_changed",
			"conditions": {
				"items": [{
					"items": ["bowl"]
				}]
			}
        },
        "2": {
            "trigger": "minecraft:inventory_changed",
			"conditions": {
				"items": [{
					"items": ["crimson_fungus"]
				}]
			}
        }
    }
}