{
	"display":{
		"icon": {
			"item": "minecraft:saddle",
			"nbt": "{CustomModelData:548101,Enchantments:[{id:\"minecraft:unbreaking\",lvl:1}]}"
		},
		"title": {"text":""},
		"description": {"text":"\uE402\u000A\u000A\u000A","font":"siscu_se:recipes","color":"white"},
		"show_toast": true,
		"announce_to_chat": false,
		"hidden": true
	},
	"parent": "siscu:recipes/netherite_horse_armor",
	"criteria": {
        "0": {
            "trigger": "minecraft:inventory_changed",
			"conditions": {
				"items": [{
					"items": ["saddle"]
				}]
			}
        },
        "1": {
            "trigger": "minecraft:inventory_changed",
			"conditions": {
				"items": [{
					"items": ["jigsaw"]
				}]
			}
        }
    }
}