{
	"display":{
		"icon": {
			"item": "minecraft:enchanting_table"
		},
		"title": {"text":""},
		"description": {"text":"\uE008\u000A\u000A\u000A\u000A\u000A\u000A\u000A","font":"siscu_se:recipes","color":"white"},
		"show_toast": true,
		"announce_to_chat": false,
		"hidden": true
	},
	"parent": "siscu:recipes/piglin_brute_shield",
	"criteria": {
        "0": {
            "trigger": "minecraft:inventory_changed",
			"conditions": {
				"items": [{
					"items": ["obsidian"]
				}]
			}
        },
        "1": {
            "trigger": "minecraft:inventory_changed",
			"conditions": {
				"items": [{
					"items": ["diamond"]
				}]
			}
        }
    }
}