{
	"display":{
		"icon": {
			"item": "minecraft:shield",
			"nbt": "{CustomModelData:548101}"
		},
		"title": {"text":""},
		"description": {"text":"\uE007\u000A\u000A\u000A\u000A\u000A\u000A\u000A","font":"siscu_se:recipes","color":"white"},
		"show_toast": true,
		"announce_to_chat": false,
		"hidden": true
	},
	"parent": "siscu:recipes/shutters",
	"criteria": {
        "0": {
            "trigger": "minecraft:inventory_changed",
			"conditions": {
				"items": [{
					"items": ["gold_ingot"]
				}]
			}
        },
        "1": {
            "trigger": "minecraft:inventory_changed",
			"conditions": {
				"items": [{
					"items": ["leather"]
				}]
			}
        }
    }
}