{
	"display":{
		"icon": {
			"item": "minecraft:rabbit_stew",
			"nbt": "{CustomModelData:548103}"
		},
		"title": {"text":""},
		"description": [{"text":"\uE101\u000A\u000A\u000A\u000A\u000A","font":"siscu_se:recipes","color":"white"}],
		"show_toast": true,
		"announce_to_chat": false,
		"hidden": true
	},
	"parent": "siscu:recipes/crimson_stew",
	"criteria": {
        "0": {
            "trigger": "minecraft:inventory_changed",
			"conditions": {
				"items": [{
					"items": ["warped_fungus"]
				}]
			}
        },
        "1": {
            "trigger": "minecraft:inventory_changed",
			"conditions": {
				"items": [{
					"items": ["bowl"]
				}]
			}
        },
        "2": {
            "trigger": "minecraft:inventory_changed",
			"conditions": {
				"items": [{
					"items": ["warped_roots"]
				}]
			}
        }
    }
}