{
	"parent": "minecraft:husbandry/fishy_business",
	"display":{
			"icon": {
					"item": "minecraft:cod",
					"nbt": "{CustomModelData:548102}"
			},
			"title": {"translate": "advancements.siscu.minecraft.fish_all.title"},
			"description": [{
				"translate": "advancements.siscu.minecraft.fish_all.description"
				},
				{
					"text":"\nSurvivor's Elegy",
					"color": "gold",
					"italic": true
				}
		],
		"show_toast": true,
		"announce_to_chat": false,
		"hidden": false,
		"frame": "challenge"
	},
	"criteria": {
		"1": {
			"trigger":"minecraft:inventory_changed",
			"conditions": {
				"items": [
				{
					"items": ["cod"],
					"nbt": "{CustomModelData:540000}"
				}
				]
			}
		},
		"2": {
			"trigger":"minecraft:inventory_changed",
			"conditions": {
				"items": [
				{
					"items": ["cod"],
					"nbt": "{CustomModelData:548101}"
				}
				]
			}
		},
		"3": {
			"trigger":"minecraft:inventory_changed",
			"conditions": {
				"items": [
				{
					"items": ["cod"],
					"nbt": "{CustomModelData:548102}"
				}
				]
			}
		},
		"4": {
			"trigger":"minecraft:inventory_changed",
			"conditions": {
				"items": [
				{
					"items": ["salmon"],
					"nbt": "{CustomModelData:548101}"
				}
				]
			}
		},
		"5": {
			"trigger":"minecraft:inventory_changed",
			"conditions": {
				"items": [
				{
					"items": ["salmon"],
					"nbt": "{CustomModelData:548102}"
				}
				]
			}
		},
		"6": {
			"trigger":"minecraft:inventory_changed",
			"conditions": {
				"items": [
				{
					"items": ["tropical_fish"],
					"nbt": "{CustomModelData:548100}"
				}
				]
			}
		},
		"7": {
			"trigger":"minecraft:inventory_changed",
			"conditions": {
				"items": [
				{
					"items": ["pufferfish"],
					"nbt": "{CustomModelData:548100}"
				}
				]
			}
		}
	},
	"requirements": [
		["1"],
		["2"],
		["3"],
		["4"],
		["5"],
		["6"],
		["7"]
  ],
  	"rewards": {"experience": 1000}
}