{
  "type": "minecraft:block",
  "pools": [
    {
      "rolls": 1.0,
      "bonus_rolls": 0.0,
      "entries": [
        {
          "type": "minecraft:item",
          "name": "minecraft:dragon_egg"
        }
      ],
	  "functions": [
	  {
		  "function": "minecraft:set_lore",
		  "lore": [
			{"text":"Dragon slain by"},
			{
				"nbt": "DragonSlayer",
				"interpret": false,
				"storage": "siscu:world",
				"color": "gold"
			}
		  ],
		  "entity": "this"
	  },
	  {
		  "function": "minecraft:set_nbt",
		  "tag": "{Damage:0}"
	  }
	  ]
    }
  ]
}