{
  "effects": {
    "mood_sound": {
      "sound": "minecraft:ambient.basalt_deltas.mood",
      "tick_delay": 6000,
      "block_search_extent": 8,
      "offset": 2.0
    },
    "additions_sound": {
      "sound": "minecraft:ambient.nether_wastes.additions",
      "tick_chance": 0.0111
    },
    "music": {
      "sound": "minecraft:music.nether.nether_wastes",
      "min_delay": 12000,
      "max_delay": 24000,
      "replace_current_music": false
    },
    "particle": {
      "options": {
        "type": "minecraft:flame"
      },
      "probability": 0.0005
    },
    "ambient_sound": "minecraft:ambient.nether_wastes.loop",
    "sky_color": 9119285,
    "fog_color": 14241792,
    "water_color": 4159204,
    "water_fog_color": 329011
  },
  "carvers": {
    "air": [
      "minecraft:nether_cave"
    ]
  },
  "features": [
    [],
    [],
    [],
    [],
    [],
    [],
    [],
    [
      "siscu:spring_open",
      "minecraft:patch_fire",
      "minecraft:patch_soul_fire",
      "minecraft:glowstone_extra",
      "minecraft:glowstone",
      "minecraft:patch_crimson_roots",
      "minecraft:ore_magma",
      "minecraft:spring_closed",
      "minecraft:ore_soul_sand",
      "minecraft:ore_gravel_nether",
      "minecraft:ore_blackstone",
      "minecraft:ore_gold_nether",
      "minecraft:ore_quartz_nether",
      "minecraft:ore_ancient_debris_large",
      "minecraft:ore_debris_small"
    ],
    [],
    [
      "minecraft:spring_lava"
    ]
  ],
  "spawners": {
    "monster": [
      {
        "type": "minecraft:blaze",
        "weight": 3,
        "minCount": 1,
        "maxCount": 3
      }
    ],
    "creature": [],
    "ambient": [],
    "axolotls": [],
    "underground_water_creature": [],
    "water_creature": [],
    "water_ambient": [],
    "misc": []
  },
  "spawn_costs": {
    "minecraft:blaze": {
      "energy_budget": 0.5,
      "charge": 0.1
    }
  },
  "has_precipitation": false,
  "temperature": 2.0,
  "downfall": 0.0
}