{
  "effects": {
    "mood_sound": {
      "sound": "minecraft:ambient.soul_sand_valley.mood",
      "tick_delay": 6000,
      "block_search_extent": 8,
      "offset": 2.0
    },
    "additions_sound": {
      "sound": "minecraft:ambient.soul_sand_valley.additions",
      "tick_chance": 0.0111
    },
    "music": {
      "sound": "minecraft:music.nether.soul_sand_valley",
      "min_delay": 12000,
      "max_delay": 24000,
      "replace_current_music": false
    },
    "particle": {
      "options": {
        "type": "minecraft:smoke"
      },
      "probability": 0.005
    },
    "ambient_sound": "minecraft:ambient.soul_sand_valley.loop",
    "sky_color": 5393227,
    "fog_color": 2696742,
    "water_color": 4159204,
    "water_fog_color": 329011
  },
  "carvers": {
    "air": [
      "minecraft:nether_cave"
    ]
  },
  "features": [
    [],
    [],
    [
      "minecraft:basalt_pillar"
    ],
    [],
    [],
    [],
    [],
    [
      "siscu:spring_open",
      "minecraft:patch_fire",
      "minecraft:patch_soul_fire",
      "minecraft:glowstone_extra",
      "minecraft:glowstone",
      "minecraft:patch_crimson_roots",
      "minecraft:ore_magma",
      "minecraft:spring_closed",
      "siscu:spring_closed_blackstone",
      "minecraft:ore_soul_sand",
      "minecraft:ore_gravel_nether",
      "minecraft:ore_blackstone",
      "minecraft:ore_gold_nether",
      "minecraft:ore_quartz_nether",
      "minecraft:ore_ancient_debris_large",
      "minecraft:ore_debris_small",
      "siscu:ore_gilded_blackstone_nether"
    ],
    [],
    [
      "minecraft:spring_lava",
      "siscu:blackstone_pile",
      "siscu:withered_trees"
    ]
  ],
  "spawners": {
    "monster": [
      {
        "type": "minecraft:wither_skeleton",
        "weight": 3,
        "minCount": 1,
        "maxCount": 4
      },
      {
        "type": "minecraft:skeleton",
        "weight": 1,
        "minCount": 1,
        "maxCount": 4
      }
    ],
    "creature": [],
    "ambient": [],
    "axolotls": [],
    "underground_water_creature": [],
    "water_creature": [],
    "water_ambient": [],
    "misc": []
  },
  "spawn_costs": {
    "minecraft:wither_skeleton": {
      "energy_budget": 0.15,
      "charge": 0.1
    },
    "minecraft:skeleton": {
      "energy_budget": 0.15,
      "charge": 0.1
    }
  },
  "has_precipitation": false,
  "temperature": 2.0,
  "downfall": 0.0
}