{
  "name": "siscu:bastion_crevice_lights",
  "fallback": "minecraft:empty",
  "elements": [
    {
      "element": {
        "element_type": "minecraft:single_pool_element",
        "location": "siscu:bastion/crevice/lights/light_1",
        "processors": "siscu:bastion",
        "projection": "rigid"
      },
      "weight": 20
    },
    {
      "element": {
        "element_type": "minecraft:single_pool_element",
        "location": "siscu:bastion/crevice/lights/light_2",
        "processors": "siscu:bastion",
        "projection": "rigid"
      },
      "weight": 5
    }
  ]
}