{
  "processors": [
    {
      "rules": [
        {
          "input_predicate": {
            "block": "minecraft:oak_log",
            "predicate_type": "minecraft:random_block_match",
            "probability": 0.1
          },
          "location_predicate": {
            "predicate_type": "minecraft:always_true"
          },
          "output_state": {
            "Name": "minecraft:grass_block"
          }
        },
        {
          "input_predicate": {
            "block": "minecraft:oak_log",
            "predicate_type": "minecraft:random_block_match",
            "probability": 0.1
          },
          "location_predicate": {
            "predicate_type": "minecraft:always_true"
          },
          "output_state": {
            "Name": "minecraft:gravel"
          }
        },
        {
          "input_predicate": {
            "block": "minecraft:grass_block",
            "predicate_type": "minecraft:random_block_match",
            "probability": 0.1
          },
          "location_predicate": {
            "predicate_type": "minecraft:always_true"
          },
          "output_state": {
            "Name": "minecraft:rooted_dirt"
          }
        },
        {
          "input_predicate": {
            "block": "minecraft:grass_block",
            "predicate_type": "minecraft:random_block_match",
            "probability": 0.1
          },
          "location_predicate": {
            "predicate_type": "minecraft:always_true"
          },
          "output_state": {
            "Name": "minecraft:gravel"
          }
        },
        {
          "input_predicate": {
            "block": "minecraft:grass_block",
            "predicate_type": "minecraft:random_block_match",
            "probability": 0.1
          },
          "location_predicate": {
            "predicate_type": "minecraft:always_true"
          },
          "output_state": {
            "Name": "minecraft:farmland"
          }
        }
      ],
      "processor_type": "minecraft:rule"
    },
    {
      "delegate": {
        "processor_type": "minecraft:rule",
        "rules": [
          {
            "block_entity_modifier": {
              "type": "minecraft:append_loot",
              "loot_table": "archaeology/trail_ruins_common"
            },
            "input_predicate": {
              "predicate_type": "minecraft:tag_match",
              "tag": "siscu:jungle_ruins_replaceable"
            },
            "location_predicate": {
              "predicate_type": "minecraft:always_true"
            },
            "output_state": {
              "Name": "minecraft:suspicious_gravel",
              "Properties": {
                "dusted": "0"
              }
            }
          }
        ]
      },
      "limit": 4,
      "processor_type": "minecraft:capped"
    }
  ]
}