{
	"type": "minecraft:block_column",
	"config": {
	  "allowed_placement": {
		"type": "minecraft:matching_block_tag",
		"offset":[
			0,
			1,
			0
		],
		"tag": "siscu:column_traspassable"
	  },
	  "prioritize_tip": false,
	  "direction": "down",
	  "layers": [
		{
		  "height": 70,
		  "provider": {
			"type": "minecraft:weighted_state_provider",
			"entries": [
			  {
				"data": {
				  "Name": "minecraft:nether_bricks"
				},
				"weight": 10
			  },
			  {
				"data": {
				  "Name": "minecraft:cracked_nether_bricks"
				},
				"weight": 1
			  }
			]
		  }
		},
		{
		  "height": 1,
		  "provider": {
			"type": "minecraft:weighted_state_provider",
			"entries": [
				{
				  "data": {
					"Name": "minecraft:nether_bricks"
				  },
				  "weight": 4
				},
				{
				  "data": {
					"Name": "minecraft:red_nether_bricks"
				  },
				  "weight": 1
				}
			]
		  }
		},
		{
		  "height": 1,
		  "provider": {
			"type": "minecraft:weighted_state_provider",
			"entries": [
				{
				  "data": {
					"Name": "minecraft:nether_bricks"
				  },
				  "weight": 2
				},
				{
				  "data": {
					"Name": "minecraft:red_nether_bricks"
				  },
				  "weight": 1
				}
			]
		  }
		},
		{
		  "height": 1,
		  "provider": {
			"type": "minecraft:weighted_state_provider",
			"entries": [
				{
				  "data": {
					"Name": "minecraft:nether_bricks"
				  },
				  "weight": 1
				},
				{
				  "data": {
					"Name": "minecraft:red_nether_bricks"
				  },
				  "weight": 1
				}
			]
		  }
		},
		{
		  "height": 1,
		  "provider": {
			"type": "minecraft:weighted_state_provider",
			"entries": [
				{
				  "data": {
					"Name": "minecraft:nether_bricks"
				  },
				  "weight": 1
				},
				{
				  "data": {
					"Name": "minecraft:red_nether_bricks"
				  },
				  "weight": 2
				}
			]
		  }
		},
		{
		  "height": 1,
		  "provider": {
			"type": "minecraft:weighted_state_provider",
			"entries": [
				{
				  "data": {
					"Name": "minecraft:nether_bricks"
				  },
				  "weight": 1
				},
				{
				  "data": {
					"Name": "minecraft:red_nether_bricks"
				  },
				  "weight": 4
				}
			]
		  }
		},
		{
		  "height": 2,
		  "provider": {
			"type": "minecraft:weighted_state_provider",
			"entries": [
			  {
				"data": {
				  "Name": "minecraft:red_nether_bricks"
				},
				"weight": 1
			  }
			]
		  }
		}
	  ]
	}
  }