{
  "config": {
	  "direction": "up",
	  "allowed_placement": {
		  "type": "minecraft:matching_blocks",
		  "blocks": ["minecraft:air"]
	  },
	  "prioritize_tip": false,
	  "layers": [
	  {
		  "height": {
			  "type": "minecraft:biased_to_bottom",
			  "value": {
				  "min_inclusive": 2,
				  "max_inclusive": 4
			  }
		  },
		  "provider": {
			  "type": "minecraft:simple_state_provider",
			  "state": {
				  "Name": "minecraft:magma_block"
			  }
		  }
	  }
	  ]
  },
  "type": "minecraft:block_column"
}