{
  "processors": [
    {
      "delegate": {
        "processor_type": "minecraft:rule",
        "rules": [
          {
            "block_entity_modifier": {
              "type": "minecraft:append_loot",
              "loot_table": "minecraft:archaeology/desert_well"
            },
            "input_predicate": {
              "predicate_type": "minecraft:block_match",
              "block": "sand",
              "probability": 1.0
            },
            "location_predicate": {
              "predicate_type": "minecraft:always_true"
            },
            "output_state": {
              "Name": "minecraft:suspicious_sand",
              "Properties": {
                "dusted": "0"
              }
            }
          }
        ]
      },
      "limit":5,
      "processor_type": "minecraft:capped"
    }
  ]
}