{
  "processors": [
    {
      "rules": [
        {
          "input_predicate": {
            "block": "minecraft:gravel",
            "predicate_type": "minecraft:random_block_match",
            "probability": 0.1
          },
          "location_predicate": {
            "predicate_type": "minecraft:always_true"
          },
          "output_state": {
            "Name": "minecraft:grass_block"
          }
        },
        {
          "input_predicate": {
            "block": "minecraft:gravel",
            "predicate_type": "minecraft:random_block_match",
            "probability": 0.1
          },
          "location_predicate": {
            "predicate_type": "minecraft:always_true"
          },
          "output_state": {
            "Name": "minecraft:grass_block"
          }
        },
        {
          "input_predicate": {
            "block": "minecraft:gravel",
            "predicate_type": "minecraft:block_match"
          },
          "output_state": {
            "Name": "minecraft:water"
          },
          "location_predicate": {
            "block": "minecraft:water",
            "predicate_type": "minecraft:block_match"
          }
        }
      ],
      "processor_type": "minecraft:rule"
    },
    {
      "delegate": {
        "processor_type": "minecraft:rule",
        "rules": [
          {
            "block_entity_modifier": {
              "type": "minecraft:append_loot",
              "loot_table": "minecraft:archaeology/trail_ruins_rare"
            },
            "input_predicate": {
              "predicate_type": "minecraft:tag_match",
              "tag": "siscu:jungle_ruins_replaceable",
              "probability": 0.1
            },
            "location_predicate": {
              "predicate_type": "minecraft:always_true"
            },
            "output_state": {
              "Name": "minecraft:suspicious_gravel",
              "Properties": {
                "dusted": "0"
              }
            }
          }
        ]
      },
      "limit": 1,
      "processor_type": "minecraft:capped"
    }
  ]
}