{
  "type": "minecraft:entity",
  "pools": [
    {
      "rolls": 1.0,
      "bonus_rolls": 0.0,
      "entries": [
        {
          "type": "minecraft:item",
          "functions": [
            {
              "function": "minecraft:set_count",
              "count": {
                "type": "minecraft:uniform",
                "min": 1.0,
                "max": 3.0
              },
              "add": false
            },
            {
              "function": "minecraft:looting_enchant",
              "count": {
                "type": "minecraft:uniform",
                "min": 0.0,
                "max": 1.0
              }
            }
          ],
          "name": "minecraft:rotten_flesh"
        }
      ]
    },
	{
		"rolls": 1.0,
		"bonus_rolls": 0.0,
		"entries": [
		{
			"type": "minecraft:loot_table",
			"name": "siscu:items/misc/zoglin_head",
			"conditions": [
			{
			  "condition": "minecraft:entity_properties",
			  "entity": "killer",
			  "predicate": {
				  "type": "minecraft:creeper",
				  "nbt": "{powered: 1b}"
			  }
			}
			]
		}
		]
	}
  ]
}