{
  "pools": [
    {
      "rolls": 1,
      "entries": [
        {
          "type": "minecraft:loot_table",
          "name": "siscu:items/weapons/wither_skeleton_bow",
		  "weight":200
        },
        {
          "type": "minecraft:loot_table",
          "name": "siscu:groups/tools/swords",
		  "weight":300
        },
        {
          "type": "minecraft:loot_table",
          "name": "siscu:groups/tools/axes",
		  "weight":200
        },
        {
          "type": "minecraft:loot_table",
          "name": "siscu:groups/tools/pickaxes",
		  "weight":50
        },
        {
          "type": "minecraft:loot_table",
          "name": "siscu:groups/tools/shovels",
		  "weight":50
        },
        {
          "type": "minecraft:item",
          "name": "minecraft:trident",
		  "weight":5
        }
	]
  }
  ]
}