{
  "pools": [
    {
      "rolls": 1,
      "entries": [
        {
          "type": "minecraft:item",
          "name": "minecraft:air",
	  "weight":1
        },
        {
          "type": "minecraft:item",
          "name": "minecraft:bone",
		  "functions":[
			  {
			  "function": "minecraft:set_nbt",
			  "tag": "{CustomModelData:548110}"
			  }
			],
		"weight":3,
		"conditions": [
		  {
			  "condition": "minecraft:location_check",
			  "predicate": {"dimension": "minecraft:the_nether"}
		  }
		  ]
      },
        {
          "type": "minecraft:item",
          "name": "minecraft:bone",
		  "functions":[
			  {
			  "function": "minecraft:set_nbt",
			  "tag": "{CustomModelData:548120}"
			  }
			],
		"weight":1,
		"conditions": [
		  {
			  "condition": "minecraft:location_check",
			  "predicate": {"dimension": "minecraft:overworld"}
		  }
		  ]
      }
	]
	}
  ]
}