{
  "pools": [
    {
      "rolls": 1,
      "entries": [
        {
          "type": "minecraft:item",
          "name": "minecraft:bow",
		  "weight":500
        },
        {
          "type": "minecraft:loot_table",
          "name": "siscu:groups/tools/swords",
		  "weight":170,
		  "conditions": [
		  {
			  "condition": "minecraft:reference",
			  "name": "siscu:locations/check_surface"
		  }
		  ]
        },
        {
          "type": "minecraft:loot_table",
          "name": "siscu:groups/tools/axes",
		  "weight":100,
		  "conditions": [
		  {
			  "condition": "minecraft:reference",
			  "name": "siscu:locations/check_surface"
		  }
		  ]
        },
        {
          "type": "minecraft:loot_table",
          "name": "siscu:groups/tools/pickaxes",
		  "weight":100,
		  "conditions": [
		  {
			  "condition": "minecraft:reference",
			  "name": "siscu:locations/check_underground"
		  }
		  ]
        },
        {
          "type": "minecraft:loot_table",
          "name": "siscu:groups/tools/shovels",
		  "weight":100
        },
        {
          "type": "minecraft:item",
          "name": "minecraft:fishing_rod",
		  "weight":10,
		  "conditions": [
		  {
			  "condition": "minecraft:reference",
			  "name": "siscu:locations/check_surface"
		  }
		  ]
        },
        {
          "type": "minecraft:item",
          "name": "minecraft:shears",
		  "weight":10,
		  "conditions": [
		  {
			  "condition": "minecraft:reference",
			  "name": "siscu:locations/check_surface"
		  }
		  ]
        },
        {
          "type": "minecraft:item",
          "name": "minecraft:trident",
		  "weight":5,
		  "conditions": [
		  {
			  "condition": "minecraft:reference",
			  "name": "siscu:locations/check_surface"
		  }
		  ]
        }
	]
  }
  ]
}