{
  "pools": [
    {
      "rolls": 1,
      "entries": [
        {
          "type": "minecraft:item",
          "name": "minecraft:bone",
		  "weight": 89,
		  "functions":[
		  {
			  "function": "minecraft:set_nbt",
			  "tag": "{CustomModelData:548110}"
		  }
		  ]
        },
        {
          "type": "minecraft:item",
          "name": "minecraft:bone",
		  "weight": 5,
		  "functions":[
		  {
			  "function": "minecraft:set_nbt",
			  "tag": "{CustomModelData:548111}"
		  }
		  ]
        },
        {
          "type": "minecraft:item",
          "name": "minecraft:bone",
		  "weight": 5,
		  "functions":[
		  {
			  "function": "minecraft:set_nbt",
			  "tag": "{CustomModelData:548112}"
		  }
		  ]
        },
        {
          "type": "minecraft:item",
          "name": "minecraft:bone",
		  "weight": 1,
		  "functions":[
		  {
			  "function": "minecraft:set_nbt",
			  "tag": "{CustomModelData:548113}"
		  }
		  ]
        }
		]
    }
  ]
}