{
  "pools": [
    {
      "rolls": 1,
      "entries": [
        {
          "type": "minecraft:item",
          "name": "minecraft:bone",
		  "functions":[
		  {
			  "function": "minecraft:set_nbt",
			  "tag": "{CustomModelData:548120}"
		  }
		  ]
		},
        {
          "type": "minecraft:item",
          "name": "minecraft:bone",
		  "functions":[
		  {
			  "function": "minecraft:set_nbt",
			  "tag": "{CustomModelData:548121}"
		  }
		  ]
		},
        {
          "type": "minecraft:item",
          "name": "minecraft:bone",
		  "functions":[
		  {
			  "function": "minecraft:set_nbt",
			  "tag": "{CustomModelData:548122}"
		  }
		  ]
		},
        {
          "type": "minecraft:item",
          "name": "minecraft:bone",
		  "functions":[
		  {
			  "function": "minecraft:set_nbt",
			  "tag": "{CustomModelData:548123}"
		  }
		  ]
		},
        {
          "type": "minecraft:item",
          "name": "minecraft:bone",
		  "functions":[
		  {
			  "function": "minecraft:set_nbt",
			  "tag": "{CustomModelData:548124}"
		  }
		  ]
		},
        {
          "type": "minecraft:item",
          "name": "minecraft:bone",
		  "functions":[
		  {
			  "function": "minecraft:set_nbt",
			  "tag": "{CustomModelData:548125}"
		  }
		  ]
		},
        {
          "type": "minecraft:item",
          "name": "minecraft:bone",
		  "functions":[
		  {
			  "function": "minecraft:set_nbt",
			  "tag": "{CustomModelData:548126}"
		  }
		  ]
		},
        {
          "type": "minecraft:item",
          "name": "minecraft:bone",
		  "functions":[
		  {
			  "function": "minecraft:set_nbt",
			  "tag": "{CustomModelData:548127}"
		  }
		  ]
		},
        {
          "type": "minecraft:item",
          "name": "minecraft:bone",
		  "functions":[
		  {
			  "function": "minecraft:set_nbt",
			  "tag": "{CustomModelData:548128}"
		  }
		  ]
		},
        {
          "type": "minecraft:item",
          "name": "minecraft:bone",
		  "functions":[
		  {
			  "function": "minecraft:set_nbt",
			  "tag": "{CustomModelData:548129}"
		  }
		  ]
		},
        {
          "type": "minecraft:item",
          "name": "minecraft:bone",
		  "functions":[
		  {
			  "function": "minecraft:set_nbt",
			  "tag": "{CustomModelData:548130}"
		  }
		  ]
		},
        {
          "type": "minecraft:item",
          "name": "minecraft:bone",
		  "functions":[
		  {
			  "function": "minecraft:set_nbt",
			  "tag": "{CustomModelData:548131}"
		  }
		  ]
		},
        {
          "type": "minecraft:item",
          "name": "minecraft:bone",
		  "functions":[
		  {
			  "function": "minecraft:set_nbt",
			  "tag": "{CustomModelData:548132}"
		  }
		  ]
		},
        {
          "type": "minecraft:item",
          "name": "minecraft:bone",
		  "functions":[
		  {
			  "function": "minecraft:set_nbt",
			  "tag": "{CustomModelData:548133}"
		  }
		  ]
		},
        {
          "type": "minecraft:item",
          "name": "minecraft:bone",
		  "functions":[
		  {
			  "function": "minecraft:set_nbt",
			  "tag": "{CustomModelData:548134}"
		  }
		  ]
		}
		]
    }
    ]
}