{
    "type": "minecraft:jigsaw",
    "biomes": "#siscu:has_structure/nether_fortress",
    "spawn_overrides": {
      "monster": {
        "bounding_box": "piece",
        "spawns": [
          {
            "type": "minecraft:blaze",
            "maxCount": 3,
            "minCount": 2,
            "weight": 10
          },
          {
            "type": "minecraft:wither_skeleton",
            "maxCount": 5,
            "minCount": 5,
            "weight": 8
          },
          {
            "type": "minecraft:skeleton",
            "maxCount": 5,
            "minCount": 5,
            "weight": 2
          },
          {
            "type": "minecraft:magma_cube",
            "maxCount": 4,
            "minCount": 4,
            "weight": 3
          }
        ]
      }
    },
    "max_distance_from_center": 128,
    "size": 7,
    "start_height": {
        "absolute":32
    },
    "start_pool": "siscu:nether_fortress/center/base",
    "step": "strongholds",
    "terrain_adaptation": "none",
    "use_expansion_hack": false
  }