{
  "type": "minecraft:jigsaw",
  "biomes": "#minecraft:is_nether",
  "max_distance_from_center": 128,
  "size": 7,
  "spawn_overrides": {
    "monster": {"bounding_box": "full",
    "spawns": [
      {
          "type": "minecraft:piglin",
          "weight": 30,
          "minCount": 1,
          "maxCount": 2
      },
      {
          "type": "minecraft:piglin_brute",
          "weight": 1,
          "minCount": 1,
          "maxCount": 1
      }
    ]
    }
  },
  "start_height": {
	  "absolute":32
  },
  "start_pool": "siscu:bastion/crevice/base",
  "step": "strongholds",
  "terrain_adaptation": "none",
  "use_expansion_hack": false
}