{
  "type": "minecraft:entity",
  "pools": [
	{
		"rolls": 1.0,
		"bonus_rolls": 0.0,
		"entries": [
		{
			"type": "minecraft:loot_table",
			"name": "minecraft:entities/pillager"
		}
		],
		"conditions": [
			{
				"condition": "minecraft:entity_properties",
				"entity": "this",
				"predicate": {"type": "minecraft:pillager"}
			}
		]
	},
  	{
	  "rolls": 1,
	  "entries": [
	  {
		  "type": "minecraft:loot_table",
		  "name": "siscu:items/misc/patrol_leader_map"
	  }
	  ],
	  "conditions": [
	  {
		  "condition": "minecraft:entity_properties",
		  "entity": "this",
		  "predicate": {
			  "nbt":"{Tags:[\"patrol_leader\"]}"
			}
	  },
	  {
		  "condition": "minecraft:location_check",
		  "predicate": {
			  "dimension": "minecraft:overworld"
		  }
	  },
	  {
		  "condition": "minecraft:entity_properties",
		  "entity": "killer",
		  "predicate": {"type": "minecraft:player"}
		  }
	  ]
  	}
  ]
}