{
	"credit": "Made by CiscuLog with Blockbench",
	"parent": "minecraft:item/handheld",
	"textures": {
		"layer0": "siscu_se:item/dungeons/boneclub"
	},
	"gui_light": "front",
	"display": {
		"thirdperson_righthand": {
			"rotation": [0, -90, 45],
			"translation": [-0.5, 8.25, 1.75],
			"scale": [1.4, 1.4, 1.4]
		},
		"thirdperson_lefthand": {
			"rotation": [-180, 90, 135],
			"translation": [-0.5, 8.25, 1.25],
			"scale": [1.4, 1.4, 1.4]
		},
		"firstperson_righthand": {
			"rotation": [0, -90, 25],
			"translation": [1.13, 3.2, 1.13],
			"scale": [1.36, 1.36, 1.36]
		},
		"firstperson_lefthand": {
			"rotation": [0, 90, -25],
			"translation": [1.13, 3.2, 1.13],
			"scale": [1.36, 1.36, 1.36]
		},
		"ground": {
			"translation": [0, 2, 0],
			"scale": [0.75, 0.75, 0.75]
		},
		"gui": {
			"translation": [3, 3, 0],
			"scale": [2, 2, 2]
		},
		"head": {
			"rotation": [0, 180, 0],
			"translation": [0, 13, 7],
			"scale": [2, 2, 2]
		},
		"fixed": {
			"rotation": [0, 180, 0],
			"translation": [0, 0, -0.25],
			"scale": [2, 2, 2]
		}
	}
}