{
    "parent": "item/generated",
    "textures": {
        "layer0": "item/bundle"
    },
    "overrides": [
        { "predicate": { "filled": 0.0000001 }, "model": "item/bundle_filled" },
	{"predicate": {"custom_model_data": 548101}, "model": "siscu_se:item/cartographer_bag"},
	{"predicate": {"custom_model_data": 548101, "filled": 0.0000001}, "model": "siscu_se:item/cartographer_bag_filled"},
	{"predicate": {"custom_model_data": 548102}, "model": "siscu_se:item/quiver"},
	{"predicate": {"custom_model_data": 548102, "filled": 0.0000001}, "model": "siscu_se:item/quiver_filled"}
    ]
}
