{
  "parent": "minecraft:item/handheld",
  "textures": {
    "layer0": "minecraft:item/iron_pickaxe"
  },
	"overrides": [
	{"predicate": {"custom_model_data": 548101}, "model": "siscu_se:item/copper_pickaxe"},
	{"predicate": {"custom_model_data": 548102}, "model": "siscu_se:item/exposed_copper_pickaxe"},
	{"predicate": {"custom_model_data": 548103}, "model": "siscu_se:item/weathered_copper_pickaxe"},
	{"predicate": {"custom_model_data": 548104}, "model": "siscu_se:item/oxidised_copper_pickaxe"},
	{"predicate": {"custom_model_data": 548105}, "model": "siscu_se:item/anchor"}
	]
}
