{
    "parent": "item/generated",
    "textures": {
        "layer0": "item/leather_chestplate",
        "layer1": "item/leather_chestplate_overlay"
    },
    "overrides": [
	{"predicate": {"custom_model_data": 548101}, "model": "siscu_se:item/copper_chestplate"},
	{"predicate": {"custom_model_data": 548102}, "model": "siscu_se:item/exposed_copper_chestplate"},
	{"predicate": {"custom_model_data": 548103}, "model": "siscu_se:item/weathered_copper_chestplate"},
	{"predicate": {"custom_model_data": 548104}, "model": "siscu_se:item/oxidised_copper_chestplate"}
    ]
}
