{
  "name": "siscu:mineshafts/old/corridors",
  "fallback": "minecraft:empty",
  "elements": [
    {
      "element": {
        "element_type": "minecraft:single_pool_element",
        "location": "siscu:mineshafts/old/corridor_short",
        "processors": "siscu:old_mineshaft",
        "projection": "rigid"
      },
      "weight": 20
    },
    {
      "element": {
        "element_type": "minecraft:single_pool_element",
        "location": "siscu:mineshafts/old/corridor_long",
        "processors": "siscu:old_mineshaft",
        "projection": "rigid"
      },
      "weight": 30
    },
    {
      "element": {
        "element_type": "minecraft:single_pool_element",
        "location": "siscu:mineshafts/old/corridor_turn_right",
        "processors": "siscu:old_mineshaft",
        "projection": "rigid"
      },
      "weight": 10
    },
    {
      "element": {
        "element_type": "minecraft:single_pool_element",
        "location": "siscu:mineshafts/old/corridor_turn_left",
        "processors": "siscu:old_mineshaft",
        "projection": "rigid"
      },
      "weight": 10
    },
    {
      "element": {
        "element_type": "minecraft:single_pool_element",
        "location": "siscu:mineshafts/old/corridor_ramp",
        "processors": "siscu:old_mineshaft",
        "projection": "rigid"
      },
      "weight": 20
    },
    {
      "element": {
        "element_type": "minecraft:single_pool_element",
        "location": "siscu:mineshafts/old/connector_bottom",
        "processors": "siscu:old_mineshaft",
        "projection": "rigid"
      },
      "weight": 10
    },
    {
      "element": {
        "element_type": "minecraft:single_pool_element",
        "location": "siscu:mineshafts/old/connector_top",
        "processors": "siscu:old_mineshaft",
        "projection": "rigid"
      },
      "weight": 10
    }
  ]
}