{
  "name": "siscu:mineshafts/old/decoration",
  "fallback": "minecraft:empty",
  "elements": [
    {
      "element": {
        "element_type": "minecraft:single_pool_element",
        "location": "siscu:mineshafts/old/chest",
        "processors": "siscu:old_mineshaft",
        "projection": "rigid"
      },
      "weight": 1
    },
    {
      "element": {
        "element_type": "minecraft:single_pool_element",
        "location": "siscu:mineshafts/old/empty_space",
        "processors": "siscu:old_mineshaft",
        "projection": "rigid"
      },
      "weight": 4
    }
  ]
}