{
  "name": "siscu:nether_fortress/corridors/elevation_change",
  "fallback": "minecraft:empty",
  "elements": [
    {
      "element": {
        "element_type": "minecraft:single_pool_element",
        "location": "siscu:nether_fortress/towers/stairs_up_1",
        "processors": "siscu:nether_fortress",
        "projection": "rigid"
      },
      "weight": 4
    },
    {
      "element": {
        "element_type": "minecraft:single_pool_element",
        "location": "siscu:nether_fortress/towers/stairs_up_2",
        "processors": "siscu:nether_fortress",
        "projection": "rigid"
      },
      "weight": 4
    },
    {
      "element": {
        "element_type": "minecraft:single_pool_element",
        "location": "siscu:nether_fortress/towers/stairs_up_3",
        "processors": "siscu:nether_fortress",
        "projection": "rigid"
      },
      "weight": 4
    },
    {
      "element": {
        "element_type": "minecraft:single_pool_element",
        "location": "siscu:nether_fortress/towers/stairs_up_4",
        "processors": "siscu:nether_fortress",
        "projection": "rigid"
      },
      "weight": 4
    },
    {
      "element": {
        "element_type": "minecraft:single_pool_element",
        "location": "siscu:nether_fortress/towers/stairs_up_5",
        "processors": "siscu:nether_fortress",
        "projection": "rigid"
      },
      "weight": 4
    },
    {
      "element": {
        "element_type": "minecraft:single_pool_element",
        "location": "siscu:nether_fortress/towers/straight_1",
        "processors": "siscu:nether_fortress",
        "projection": "rigid"
      },
      "weight": 1
    },
    {
      "element": {
        "element_type": "minecraft:single_pool_element",
        "location": "siscu:nether_fortress/towers/straight_2",
        "processors": "siscu:nether_fortress",
        "projection": "rigid"
      },
      "weight": 2
    },
    {
      "element": {
        "element_type": "minecraft:single_pool_element",
        "location": "siscu:nether_fortress/towers/straight_3",
        "processors": "siscu:nether_fortress",
        "projection": "rigid"
      },
      "weight": 2
    },
    {
      "element": {
        "element_type": "minecraft:single_pool_element",
        "location": "siscu:nether_fortress/towers/straight_4",
        "processors": "siscu:nether_fortress",
        "projection": "rigid"
      },
      "weight": 2
    },
    {
      "element": {
        "element_type": "minecraft:single_pool_element",
        "location": "siscu:nether_fortress/towers/straight_5",
        "processors": "siscu:nether_fortress",
        "projection": "rigid"
      },
      "weight": 2
    },
    {
      "element": {
        "element_type": "minecraft:single_pool_element",
        "location": "siscu:nether_fortress/towers/straight_6",
        "processors": "siscu:nether_fortress",
        "projection": "rigid"
      },
      "weight": 2
    }
  ]
}