{
  "aquifers_enabled": false,
  "default_block": {
    "Name": "minecraft:netherrack"
  },
  "default_fluid": {
    "Name": "minecraft:lava",
    "Properties": {
      "level": "0"
    }
  },
  "disable_mob_generation": false,
  "legacy_random_source": true,
  "noise": {
    "height": 128,
    "min_y": 0,
    "size_horizontal": 1,
    "size_vertical": 2
  },
  "noise_router": {
    "barrier": 0.0,
    "continents": 0.0,
    "depth": 0.0,
    "erosion": 0.0,
    "final_density": {
      "type": "minecraft:squeeze",
      "argument": {
        "type": "minecraft:mul",
        "argument1": 0.64,
        "argument2": {
          "type": "minecraft:interpolated",
          "argument": {
            "type": "minecraft:blend_density",
            "argument": {
              "type": "minecraft:add",
              "argument1": 2.5,
              "argument2": {
                "type": "minecraft:mul",
                "argument1": {
                  "type": "minecraft:y_clamped_gradient",
                  "from_value": 0.0,
                  "from_y": -8,
                  "to_value": 1.0,
                  "to_y": 24
                },
                "argument2": {
                  "type": "minecraft:add",
                  "argument1": -2.5,
                  "argument2": {
                    "type": "minecraft:add",
                    "argument1": 0.9375,
                    "argument2": {
                      "type": "minecraft:mul",
                      "argument1": {
                        "type": "minecraft:y_clamped_gradient",
                        "from_value": 1.0,
                        "from_y": 104,
                        "to_value": 0.0,
                        "to_y": 128
                      },
                      "argument2": {
                        "type": "minecraft:add",
                        "argument1": -0.9375,
                        "argument2": "minecraft:nether/base_3d_noise"
                      }
                    }
                  }
                }
              }
            }
          }
        }
      }
    },
    "fluid_level_floodedness": 0.0,
    "fluid_level_spread": 0.0,
    "initial_density_without_jaggedness": 0.0,
    "lava": 0.0,
    "ridges": 0.0,
    "temperature": {
      "type": "minecraft:shifted_noise",
      "noise": "minecraft:temperature",
      "shift_x": "minecraft:shift_x",
      "shift_y": 0.0,
      "shift_z": "minecraft:shift_z",
      "xz_scale": 0.25,
      "y_scale": 0.0
    },
    "vegetation": {
      "type": "minecraft:shifted_noise",
      "noise": "minecraft:vegetation",
      "shift_x": "minecraft:shift_x",
      "shift_y": 0.0,
      "shift_z": "minecraft:shift_z",
      "xz_scale": 0.25,
      "y_scale": 0.0
    },
    "vein_gap": 0.0,
    "vein_ridged": 0.0,
    "vein_toggle": 0.0
  },
  "ore_veins_enabled": false,
  "sea_level": 32,
  "spawn_target": [],
  "surface_rule": {
    "type": "minecraft:sequence",
    "sequence": [
      {
        "if_true": {
          "random_name": "minecraft:bedrock_floor",
          "true_at_and_below": {
            "above_bottom": 0
          },
          "false_at_and_above": {
            "above_bottom": 5
          },
          "type": "minecraft:vertical_gradient"
        },
        "then_run": {
          "result_state": {
            "Name": "minecraft:bedrock"
          },
          "type": "minecraft:block"
        },
        "type": "minecraft:condition"
      },
      {
        "if_true": {
          "invert": {
            "random_name": "minecraft:bedrock_roof",
            "true_at_and_below": {
              "below_top": 5
            },
            "false_at_and_above": {
              "below_top": 0
            },
            "type": "minecraft:vertical_gradient"
          },
          "type": "minecraft:not"
        },
        "then_run": {
          "result_state": {
            "Name": "minecraft:bedrock"
          },
          "type": "minecraft:block"
        },
        "type": "minecraft:condition"
      },
      {
        "if_true": {
          "biome_is": [
            "minecraft:nether_wastes",
			"minecraft:crimson_forest",
			"minecraft:warped_forest",
			"siscu:withered_grounds"
          ],
          "type": "minecraft:biome"
        },
        "then_run": {
          "sequence": [
            {
              "if_true": {
                "offset": 0,
                "add_surface_depth": true,
                "secondary_depth_range": 0,
                "surface_type": "floor",
                "type": "minecraft:stone_depth"
              },
              "then_run": {
                "if_true": {
                  "noise": "minecraft:soul_sand_layer",
                  "min_threshold": -0.012,
                  "max_threshold": 1.7976931348623157E308,
                  "type": "minecraft:noise_threshold"
                },
                "then_run": {
				  "if_true": {
					"invert": {
					  "type": "minecraft:hole"
					},
					"type": "minecraft:not"
				  },
				  "then_run": {
					"if_true": {
					  "anchor": {
						"absolute": 30
					  },
					  "surface_depth_multiplier": 0,
					  "add_stone_depth": true,
					  "type": "minecraft:y_above"
					},
					"then_run": {
					  "if_true": {
						"invert": {
						  "anchor": {
							"absolute": 35
						  },
						  "surface_depth_multiplier": 0,
						  "add_stone_depth": true,
						  "type": "minecraft:y_above"
						},
						"type": "minecraft:not"
					  },
					  "then_run": {
						"result_state": {
						  "Name": "minecraft:soul_sand"
						},
						"type": "minecraft:block"
					  },
					  "type": "minecraft:condition"
					},
					"type": "minecraft:condition"
				  },
				  "type": "minecraft:condition"
                },
                "type": "minecraft:condition"
              },
              "type": "minecraft:condition"
            },
            {
              "if_true": {
                "offset": 0,
                "add_surface_depth": false,
                "secondary_depth_range": 0,
                "surface_type": "floor",
                "type": "minecraft:stone_depth"
              },
              "then_run": {
                "if_true": {
                  "anchor": {
                    "absolute": 31
                  },
                  "surface_depth_multiplier": 0,
                  "add_stone_depth": false,
                  "type": "minecraft:y_above"
                },
                "then_run": {
                  "if_true": {
                    "invert": {
                      "anchor": {
                        "absolute": 35
                      },
                      "surface_depth_multiplier": 0,
                      "add_stone_depth": true,
                      "type": "minecraft:y_above"
                    },
                    "type": "minecraft:not"
                  },
                  "then_run": {
                    "if_true": {
                      "noise": "minecraft:gravel_layer",
                      "min_threshold": -0.012,
                      "max_threshold": 1.7976931348623157E308,
                      "type": "minecraft:noise_threshold"
                    },
                    "then_run": {
                      "sequence": [
                        {
                          "if_true": {
                            "anchor": {
                              "absolute": 32
                            },
                            "surface_depth_multiplier": 0,
                            "add_stone_depth": false,
                            "type": "minecraft:y_above"
                          },
                          "then_run": {
                            "result_state": {
                              "Name": "minecraft:gravel"
                            },
                            "type": "minecraft:block"
                          },
                          "type": "minecraft:condition"
                        },
                        {
                          "if_true": {
                            "invert": {
                              "type": "minecraft:hole"
                            },
                            "type": "minecraft:not"
                          },
                          "then_run": {
                            "result_state": {
                              "Name": "minecraft:gravel"
                            },
                            "type": "minecraft:block"
                          },
                          "type": "minecraft:condition"
                        }
                      ],
                      "type": "minecraft:sequence"
                    },
                    "type": "minecraft:condition"
                  },
                  "type": "minecraft:condition"
                },
                "type": "minecraft:condition"
              },
              "type": "minecraft:condition"
            }
          ],
          "type": "minecraft:sequence"
        },
        "type": "minecraft:condition"
      },
	  {
		  "if_true":{
			  "biome_is": ["siscu:withered_grounds"],
			  "type": "minecraft:biome"
		  },
		  "then_run": {
          "sequence": [
            {
              "if_true": {
                "offset": 0,
                "add_surface_depth": true,
                "secondary_depth_range": 0,
                "surface_type": "ceiling",
                "type": "minecraft:stone_depth"
              },
              "then_run": {
                "sequence": [
                  {
                    "if_true": {
                      "noise": "minecraft:nether_state_selector",
                      "min_threshold": -1.0,
                      "max_threshold": 1.0,
                      "type": "minecraft:noise_threshold"
                    },
                    "then_run": {
                      "result_state": {
                        "Name": "minecraft:blackstone"
                      },
                      "type": "minecraft:block"
                    },
                    "type": "minecraft:condition"
                  }
                ],
                "type": "minecraft:sequence"
              },
              "type": "minecraft:condition"
            },
            {
              "if_true": {
                "offset": 0,
                "add_surface_depth": true,
                "secondary_depth_range": 0,
                "surface_type": "floor",
                "type": "minecraft:stone_depth"
              },
              "then_run": {
                "sequence": [
                  {
                    "if_true": {
                      "noise": "minecraft:nether_state_selector",
                      "min_threshold": -0.1,
                      "max_threshold": 0.1,
                      "type": "minecraft:noise_threshold"
                    },
                    "then_run": {
                      "result_state": {
                        "Properties": {
                          "axis": "y"
                        },
                        "Name": "minecraft:basalt"
                      },
                      "type": "minecraft:block"
                    },
                    "type": "minecraft:condition"
                  },
                  {
                    "result_state": {
                      "Name": "minecraft:blackstone"
                    },
                    "type": "minecraft:block"
                  }
                ],
                "type": "minecraft:sequence"
              },
              "type": "minecraft:condition"
            },
			{
				"if_true": {
				  "noise": "minecraft:nether_state_selector",
				  "min_threshold": -2.0,
				  "max_threshold": 2.0,
				  "type": "minecraft:noise_threshold"
				},
				"then_run": {
				  "result_state": {
					"Name": "minecraft:blackstone"
				  },
				  "type": "minecraft:block"
				},
				"type": "minecraft:condition"
			}
          ],
          "type": "minecraft:sequence"
        },
        "type": "minecraft:condition"
	  },
	  {
		  "if_true":{
			  "biome_is": ["siscu:metamorphic_caves","siscu:metamorphic_edges"],
			  "type": "minecraft:biome"
		  },
		  "then_run": {
          "sequence": [
            {
              "if_true": {
                "offset": 0,
                "add_surface_depth": true,
                "secondary_depth_range": 0,
                "surface_type": "ceiling",
                "type": "minecraft:stone_depth"
              },
              "then_run": {
                "sequence": [
                  {
                    "if_true": {
                      "noise": "minecraft:nether_state_selector",
                      "min_threshold": -0.3,
                      "max_threshold": -0.1,
                      "type": "minecraft:noise_threshold"
                    },
                    "then_run": {
                      "result_state": {
                        "Name": "minecraft:magma_block"
                      },
                      "type": "minecraft:block"
                    },
                    "type": "minecraft:condition"
                  }
                ],
                "type": "minecraft:sequence"
              },
              "type": "minecraft:condition"
            },
            {
              "if_true": {
                "offset": 0,
                "add_surface_depth": true,
                "secondary_depth_range": 0,
                "surface_type": "floor",
                "type": "minecraft:stone_depth"
              },
              "then_run": {
                "sequence": [
                  {
                    "if_true": {
                      "noise": "minecraft:nether_state_selector",
                      "min_threshold": -0.2,
                      "max_threshold": -0.1,
                      "type": "minecraft:noise_threshold"
                    },
                    "then_run": {
                      "result_state": {
                        "Properties": {
                          "axis": "y"
                        },
                        "Name": "minecraft:lava"
                      },
                      "type": "minecraft:block"
                    },
                    "type": "minecraft:condition"
                  },{
                    "if_true": {
                      "noise": "minecraft:nether_state_selector",
                      "min_threshold": -0.4,
                      "max_threshold": 0.0,
                      "type": "minecraft:noise_threshold"
                    },
                    "then_run": {
                      "result_state": {
                        "Properties": {
                          "axis": "y"
                        },
                        "Name": "minecraft:magma_block"
                      },
                      "type": "minecraft:block"
                    },
                    "type": "minecraft:condition"
                  },
                  {
                    "result_state": {
                      "Name": "minecraft:netherrack"
                    },
                    "type": "minecraft:block"
                  }
                ],
                "type": "minecraft:sequence"
              },
              "type": "minecraft:condition"
            },
			{
				"if_true": {
				  "noise": "minecraft:nether_state_selector",
				  "min_threshold": -0.3,
				  "max_threshold": 0.0,
				  "type": "minecraft:noise_threshold"
				},
				"then_run": {
				  "result_state": {
					"Name": "minecraft:magma_block"
				  },
				  "type": "minecraft:block"
				},
				"type": "minecraft:condition"
			}
          ],
          "type": "minecraft:sequence"
        },
        "type": "minecraft:condition"
	  },
	  {
        "if_true": {
          "biome_is": [
            "minecraft:basalt_deltas",
			"siscu:metamorphic_edges"
          ],
          "type": "minecraft:biome"
        },
        "then_run": {
          "sequence": [
            {
              "if_true": {
                "offset": 0,
                "add_surface_depth": true,
                "secondary_depth_range": 0,
                "surface_type": "ceiling",
                "type": "minecraft:stone_depth"
              },
              "then_run": {
                "result_state": {
                  "Properties": {
                    "axis": "y"
                  },
                  "Name": "minecraft:basalt"
                },
                "type": "minecraft:block"
              },
              "type": "minecraft:condition"
            },
            {
              "if_true": {
                "offset": 0,
                "add_surface_depth": true,
                "secondary_depth_range": 0,
                "surface_type": "floor",
                "type": "minecraft:stone_depth"
              },
              "then_run": {
                "sequence": [
                  {
                    "if_true": {
                      "noise": "minecraft:patch",
                      "min_threshold": -0.012,
                      "max_threshold": 1.7976931348623157E308,
                      "type": "minecraft:noise_threshold"
                    },
                    "then_run": {
                      "if_true": {
                        "anchor": {
                          "absolute": 30
                        },
                        "surface_depth_multiplier": 0,
                        "add_stone_depth": true,
                        "type": "minecraft:y_above"
                      },
                      "then_run": {
                        "if_true": {
                          "invert": {
                            "anchor": {
                              "absolute": 35
                            },
                            "surface_depth_multiplier": 0,
                            "add_stone_depth": true,
                            "type": "minecraft:y_above"
                          },
                          "type": "minecraft:not"
                        },
                        "then_run": {
                          "result_state": {
                            "Name": "minecraft:gravel"
                          },
                          "type": "minecraft:block"
                        },
                        "type": "minecraft:condition"
                      },
                      "type": "minecraft:condition"
                    },
                    "type": "minecraft:condition"
                  },
                  {
                    "if_true": {
                      "noise": "minecraft:nether_state_selector",
                      "min_threshold": 0.0,
                      "max_threshold": 1.7976931348623157E308,
                      "type": "minecraft:noise_threshold"
                    },
                    "then_run": {
                      "result_state": {
                        "Properties": {
                          "axis": "y"
                        },
                        "Name": "minecraft:basalt"
                      },
                      "type": "minecraft:block"
                    },
                    "type": "minecraft:condition"
                  },
                  {
                    "result_state": {
                      "Name": "minecraft:blackstone"
                    },
                    "type": "minecraft:block"
                  }
                ],
                "type": "minecraft:sequence"
              },
              "type": "minecraft:condition"
            }
          ],
          "type": "minecraft:sequence"
        },
        "type": "minecraft:condition"
      },
      {
        "if_true": {
          "biome_is": [
            "minecraft:soul_sand_valley"
          ],
          "type": "minecraft:biome"
        },
        "then_run": {
          "sequence": [
            {
              "if_true": {
                "offset": 0,
                "add_surface_depth": true,
                "secondary_depth_range": 0,
                "surface_type": "ceiling",
                "type": "minecraft:stone_depth"
              },
              "then_run": {
                "sequence": [
                  {
                    "if_true": {
                      "noise": "minecraft:nether_state_selector",
                      "min_threshold": 0.0,
                      "max_threshold": 1.7976931348623157E308,
                      "type": "minecraft:noise_threshold"
                    },
                    "then_run": {
                      "result_state": {
                        "Name": "minecraft:soul_sand"
                      },
                      "type": "minecraft:block"
                    },
                    "type": "minecraft:condition"
                  },
                  {
                    "result_state": {
                      "Name": "minecraft:soul_soil"
                    },
                    "type": "minecraft:block"
                  }
                ],
                "type": "minecraft:sequence"
              },
              "type": "minecraft:condition"
            },
            {
              "if_true": {
                "offset": 0,
                "add_surface_depth": true,
                "secondary_depth_range": 0,
                "surface_type": "floor",
                "type": "minecraft:stone_depth"
              },
              "then_run": {
                "sequence": [
                  {
                    "if_true": {
                      "noise": "minecraft:patch",
                      "min_threshold": -0.012,
                      "max_threshold": 1.7976931348623157E308,
                      "type": "minecraft:noise_threshold"
                    },
                    "then_run": {
                      "if_true": {
                        "anchor": {
                          "absolute": 30
                        },
                        "surface_depth_multiplier": 0,
                        "add_stone_depth": true,
                        "type": "minecraft:y_above"
                      },
                      "then_run": {
                        "if_true": {
                          "invert": {
                            "anchor": {
                              "absolute": 35
                            },
                            "surface_depth_multiplier": 0,
                            "add_stone_depth": true,
                            "type": "minecraft:y_above"
                          },
                          "type": "minecraft:not"
                        },
                        "then_run": {
                          "result_state": {
                            "Name": "minecraft:gravel"
                          },
                          "type": "minecraft:block"
                        },
                        "type": "minecraft:condition"
                      },
                      "type": "minecraft:condition"
                    },
                    "type": "minecraft:condition"
                  },
                  {
                    "if_true": {
                      "noise": "minecraft:nether_state_selector",
                      "min_threshold": 0.0,
                      "max_threshold": 1.7976931348623157E308,
                      "type": "minecraft:noise_threshold"
                    },
                    "then_run": {
                      "result_state": {
                        "Name": "minecraft:soul_sand"
                      },
                      "type": "minecraft:block"
                    },
                    "type": "minecraft:condition"
                  },
                  {
                    "result_state": {
                      "Name": "minecraft:soul_soil"
                    },
                    "type": "minecraft:block"
                  }
                ],
                "type": "minecraft:sequence"
              },
              "type": "minecraft:condition"
            }
          ],
          "type": "minecraft:sequence"
        },
        "type": "minecraft:condition"
      },
      {
        "if_true": {
          "offset": 0,
          "add_surface_depth": false,
          "secondary_depth_range": 0,
          "surface_type": "floor",
          "type": "minecraft:stone_depth"
        },
        "then_run": {
          "sequence": [
            {
              "if_true": {
                "invert": {
                  "anchor": {
                    "absolute": 32
                  },
                  "surface_depth_multiplier": 0,
                  "add_stone_depth": false,
                  "type": "minecraft:y_above"
                },
                "type": "minecraft:not"
              },
              "then_run": {
                "if_true": {
                  "type": "minecraft:hole"
                },
                "then_run": {
                  "result_state": {
                    "Properties": {
                      "level": "0"
                    },
                    "Name": "minecraft:lava"
                  },
                  "type": "minecraft:block"
                },
                "type": "minecraft:condition"
              },
              "type": "minecraft:condition"
            },
            {
              "if_true": {
                "biome_is": [
                  "minecraft:warped_forest"
                ],
                "type": "minecraft:biome"
              },
              "then_run": {
                "if_true": {
                  "invert": {
                    "noise": "minecraft:netherrack",
                    "min_threshold": 0.54,
                    "max_threshold": 1.7976931348623157E308,
                    "type": "minecraft:noise_threshold"
                  },
                  "type": "minecraft:not"
                },
                "then_run": {
                  "if_true": {
                    "anchor": {
                      "absolute": 31
                    },
                    "surface_depth_multiplier": 0,
                    "add_stone_depth": false,
                    "type": "minecraft:y_above"
                  },
                  "then_run": {
                    "sequence": [
                      {
                        "if_true": {
                          "noise": "minecraft:nether_wart",
                          "min_threshold": 1.17,
                          "max_threshold": 1.7976931348623157E308,
                          "type": "minecraft:noise_threshold"
                        },
                        "then_run": {
                          "result_state": {
                            "Name": "minecraft:warped_wart_block"
                          },
                          "type": "minecraft:block"
                        },
                        "type": "minecraft:condition"
                      },
                      {
                        "result_state": {
                          "Name": "minecraft:warped_nylium"
                        },
                        "type": "minecraft:block"
                      }
                    ],
                    "type": "minecraft:sequence"
                  },
                  "type": "minecraft:condition"
                },
                "type": "minecraft:condition"
              },
              "type": "minecraft:condition"
            },
            {
              "if_true": {
                "biome_is": [
                  "minecraft:crimson_forest"
                ],
                "type": "minecraft:biome"
              },
              "then_run": {
                "if_true": {
                  "invert": {
                    "noise": "minecraft:netherrack",
                    "min_threshold": 0.54,
                    "max_threshold": 1.7976931348623157E308,
                    "type": "minecraft:noise_threshold"
                  },
                  "type": "minecraft:not"
                },
                "then_run": {
                  "if_true": {
                    "anchor": {
                      "absolute": 31
                    },
                    "surface_depth_multiplier": 0,
                    "add_stone_depth": false,
                    "type": "minecraft:y_above"
                  },
                  "then_run": {
                    "sequence": [
                      {
                        "if_true": {
                          "noise": "minecraft:nether_wart",
                          "min_threshold": 1.17,
                          "max_threshold": 1.7976931348623157E308,
                          "type": "minecraft:noise_threshold"
                        },
                        "then_run": {
                          "result_state": {
                            "Name": "minecraft:nether_wart_block"
                          },
                          "type": "minecraft:block"
                        },
                        "type": "minecraft:condition"
                      },
                      {
                        "result_state": {
                          "Name": "minecraft:crimson_nylium"
                        },
                        "type": "minecraft:block"
                      }
                    ],
                    "type": "minecraft:sequence"
                  },
                  "type": "minecraft:condition"
                },
                "type": "minecraft:condition"
              },
              "type": "minecraft:condition"
            }
          ],
          "type": "minecraft:sequence"
        },
        "type": "minecraft:condition"
      },
      {
        "result_state": {
          "Name": "minecraft:netherrack"
        },
        "type": "minecraft:block"
      }
    ]
  }
}