{
  "name": "siscu:nether_fortress/bridges/bridge",
  "fallback": "minecraft:empty",
  "elements": [
    {
      "element": {
        "element_type": "minecraft:single_pool_element",
        "location": "siscu:nether_fortress/bridges/straight",
        "processors": "siscu:nether_fortress",
        "projection": "rigid"
      },
      "weight": 5
    },
    {
      "element": {
        "element_type": "minecraft:single_pool_element",
        "location": "siscu:nether_fortress/bridges/crossroads",
        "processors": "siscu:nether_fortress",
        "projection": "rigid"
      },
      "weight": 2
    },
    {
      "element": {
        "element_type": "minecraft:single_pool_element",
        "location": "siscu:nether_fortress/bridges/terminator_1",
        "processors": "siscu:nether_fortress",
        "projection": "rigid"
      },
      "weight": 1
    }
  ]
}