{
	"display":{
		"icon": {
			"item": "minecraft:jigsaw"
		},
		"title": {"translate": "advancements.siscu.enchanter_book.title","font":"minecraft:alt"},
		"description": {"translate": "advancements.siscu.enchanter_book.description"},
		"show_toast": true,
		"announce_to_chat": false,
		"hidden": true
	},
	"parent": "siscu:story/outpost",
	"criteria": {
		"0": {
			"trigger":"minecraft:inventory_changed",
			"conditions": {
				"items": [
				{
					"items": ["jigsaw"]
				}
				]
			}
		}
	}
}