{
	"display":{
		"icon": {
			"item": "minecraft:iron_ingot",
			"nbt": "{CustomModelData:548104}"
		},
		"title": "Iron Golem",
		"description": "Defender of Villagers",
		"show_toast": true,
		"announce_to_chat": false,
		"hidden": true
	},
	"parent": "siscu:story/villages",
	"criteria": {
		"0": {
			"trigger":"minecraft:tick",
			"conditions": {
				"player": [
				{
					"condition": "minecraft:entity_properties",
					"entity": "this",
					"predicate": {
						"type_specific": {
							"type": "player",
							"looking_at": {
								"distance": {"absolute": {"min":1,"max":4}},
								"type": "minecraft:iron_golem"
							}
						}
					}
				}
			]
			}
		}
	}
}