{
	"display":{
		"icon": {
			"item": "minecraft:prismarine"
		},
		"title": "The temple under the sea",
		"description": "A huge underwater facility",
		"show_toast": true,
		"announce_to_chat": false,
		"hidden": true
	},
	"parent": "siscu:story/humans",
	"criteria": {
		"0": {
			"trigger":"minecraft:location",
			"conditions": {
				"player": [
				{
					"condition": "minecraft:entity_properties",
					"entity": "this",
					"predicate": {
						"location": {
							"structure": "monument"
						}
					}
				}
				]
			}
		}
	}
}