{
	"display":{
		"icon": {
			"item": "minecraft:compass",
			"nbt": "{LodestoneDimension:\"minecraft:overworld\",LodestoneTracked: 0b,CustomModelData:548101}"
		},
		"title": {"translate": "item.siscu.patrol_compass","font":"minecraft:illageralt"},
		"description": "Where's this compass pointing at?",
		"show_toast": true,
		"announce_to_chat": false,
		"hidden": true
	},
	"parent": "siscu:story/villagers_exiled",
	"criteria": {
		"0": {
			"trigger":"minecraft:inventory_changed",
			"conditions": {
				"items": [
				{
					"items": ["compass"],
					"nbt": "{CustomModelData:548101}"
				}
				]
			}
		}
	}
}