{
	"display":{
		"icon": {
			"item": "minecraft:rabbit_stew",
			"nbt": "{CustomModelData:548102}"
		},
		"title": "Spicy Goods",
		"description": "Piglin cuisine, all ingredients foud exclusively on the nether",
		"show_toast": true,
		"announce_to_chat": false,
		"hidden": true
	},
	"parent": "siscu:story/piglins",
	"criteria": {
        "0": {
            "trigger": "minecraft:inventory_changed",
			"conditions": {
				"items": [{
					"items": ["rabbit_stew"],
					"nbt":"{CustomModelData:548102}"
				}]
			}
        },
        "1": {
            "trigger": "minecraft:inventory_changed",
			"conditions": {
				"items": [{
					"items": ["rabbit_stew"],
					"nbt":"{CustomModelData:548103}"
				}]
			}
        },
        "2": {
            "trigger": "minecraft:inventory_changed",
			"conditions": {
				"items": [{
					"items": ["rabbit_stew"],
					"nbt":"{CustomModelData:548101}"
				}]
			}
        },
        "3": {
            "trigger": "minecraft:inventory_changed",
			"conditions": {
				"items": [{
					"items": ["cookie"],
					"nbt":"{CustomModelData:548101}"
				}]
			}
        }
	},
	"requirements": [["0","1","2","3"]]
}