{
    "display": {
    "title": {
      "translate": "SE (MISSING RESOURCES)",
      "color": "white",
      "bold": true,
      "with": [
        [{
          "translate": "pack.siscu",
	  "color": "yellow",
	  "bold": true
        }]
      ]
    },
    "description": {
      "translate": "The required Survivor's Elegy Resource Pack is not installed.",
      "with": [
        [
		{
			"translate": "advancements.siscu.description_1",
			"color": "gold"
		},
		{
			"text":"\n"
		},
		{
			"translate": "advancements.siscu.description_2",
			"color": "gray"
		},
		{
			"text":"\n"
		},
		{
			"translate": "pack.siscu.version",
			"color": "blue",
			"font": "siscu_se:superscript"
		}
        ]
      ]
    },
    "show_toast": false,
    "announce_to_chat": false,
    "icon": {
      "item": "minecraft:barrier",
      "nbt": "{CustomModelData:540000}"
    },
    "background": "minecraft:textures/block/dark_oak_planks.png"
    },		
    "criteria": {
        "0": {
            "trigger": "minecraft:tick"
        }
    }
}