{
	"display":{
		"icon": {
			"item": "minecraft:written_book",
			"nbt": "{CustomModelData:548103}"
		},
		"title": {"text":"apothecarys manual","font":"minecraft:illageralt"},
		"description": "Contains all essential suspicious stew knowledge",
		"show_toast": true,
		"announce_to_chat": false,
		"hidden": true
	},
	"parent": "siscu:story/swamp_hut",
	"criteria": {
        "0": {
            "trigger": "minecraft:inventory_changed",
			"conditions": {
				"items": [{
					"items": ["written_book"],
					"nbt": "{CustomModelData:548103}"
				}]
			}
        }
    }
}