{
	"display":{
		"icon": {
			"item": "minecraft:green_banner"
		},
		"title": "Dungeon Traders",
		"description": "Nomad warriors with exotic gear",
		"show_toast": false,
		"announce_to_chat": false,
		"hidden": true
	},
	"parent": "siscu:story/wandering_traders",
	"criteria": {
		"0": {
			"trigger":"minecraft:tick",
			"conditions": {
				"player": [
				{
					"condition": "minecraft:entity_properties",
					"entity": "this",
					"predicate": {
						"type_specific": {
							"type": "player",
							"looking_at": {
								"distance": {"absolute": {"min":1,"max":4}},
								"type": "minecraft:wandering_trader",
								"nbt": "{Tags:[\"dungeons_trader\"]}"
							}
						}
					}
				}
			]
			}
		}
	},
	"rewards": {
		"function": "siscu:advancement/clear_connections_schedule"
	}
}