{
	"display":{
		"icon": {
			"item": "minecraft:golden_apple"
		},
		"title": {"text": "The Cure"},
		"description": "Giving a golden apple to a zombie villager with weakness will cure it",
		"show_toast": true,
		"announce_to_chat": false,
		"hidden": true
	},
	"parent": "siscu:story/zombie_villagers_rotting",
	"criteria": {
		"0": {
			"trigger":"minecraft:player_generates_container_loot",
			"conditions": {
				"loot_table": "minecraft:chests/igloo_chest"
			}
		},
		"1": {
			"trigger":"minecraft:tick",
			"conditions": {
				"player": [
				{
					"condition": "minecraft:entity_properties",
					"entity": "this",
					"predicate": {
						"player": {"advancements":{"siscu:story/phage":true}}
					}
				}
				]
			}
		}
	}
}