{
	"display":{
		"icon": {
			"item": "minecraft:bone",
			"nbt": "{CustomModelData:548120}"
		},
		"title": "Too Late",
		"description": "An undedad skeleton of a Villager",
		"show_toast": true,
		"announce_to_chat": false,
		"hidden": true
	},
	"parent": "siscu:story/zombie_villagers",
	"criteria": {
		"0": {
			"trigger":"minecraft:tick",
			"conditions": {
				"player": [
				{
					"condition": "minecraft:entity_properties",
					"entity": "this",
					"predicate": {
						"type_specific": {
							"type": "player",
							"looking_at": {
								"distance": {"absolute": {"min":1,"max":10}},
								"type": "minecraft:skeleton",
								"nbt": "{Tags:[\"villager\"]}"
							}
						}
					}
				}
			]
			}
		}
	}
}