{
  "processors": [
    {
      "rules": [
        {
          "input_predicate": {
            "block": "minecraft:stone",
            "predicate_type": "minecraft:block_match"
          },
          "location_predicate": {
            "block": "minecraft:air",
            "predicate_type": "minecraft:block_match"
          },
          "output_state": {
            "Name": "minecraft:oak_planks"
          }
        },
        {
          "input_predicate": {
            "block": "minecraft:stone",
            "predicate_type": "minecraft:block_match"
          },
          "location_predicate": {
            "block": "minecraft:cave_air",
            "predicate_type": "minecraft:block_match"
          },
          "output_state": {
            "Name": "minecraft:oak_planks"
          }
        },
        {
          "input_predicate": {
            "block": "minecraft:stone",
            "predicate_type": "minecraft:block_match"
          },
          "location_predicate": {
            "block": "minecraft:deepslate",
            "predicate_type": "minecraft:block_match"
          },
          "output_state": {
            "Name": "minecraft:deepslate"
          }
        },
        {
          "input_predicate": {
            "block": "minecraft:stone",
            "predicate_type": "minecraft:block_match"
          },
          "location_predicate": {
            "block": "minecraft:tuff",
            "predicate_type": "minecraft:block_match"
          },
          "output_state": {
            "Name": "minecraft:tuff"
          }
        },
        {
          "input_predicate": {
            "block": "minecraft:stone",
            "predicate_type": "minecraft:block_match"
          },
          "location_predicate": {
            "block": "minecraft:terracotta",
            "predicate_type": "minecraft:block_match"
          },
          "output_state": {
            "Name": "minecraft:terracotta"
          }
        },
        {
          "input_predicate": {
            "block": "minecraft:stone",
            "predicate_type": "minecraft:block_match"
          },
          "location_predicate": {
            "block": "minecraft:white_terracotta",
            "predicate_type": "minecraft:block_match"
          },
          "output_state": {
            "Name": "minecraft:white_terracotta"
          }
        },
        {
          "input_predicate": {
            "block": "minecraft:stone",
            "predicate_type": "minecraft:block_match"
          },
          "location_predicate": {
            "block": "minecraft:light_gray_terracotta",
            "predicate_type": "minecraft:block_match"
          },
          "output_state": {
            "Name": "minecraft:light_gray_terracotta"
          }
        },
        {
          "input_predicate": {
            "block": "minecraft:stone",
            "predicate_type": "minecraft:block_match"
          },
          "location_predicate": {
            "block": "minecraft:yellow_terracotta",
            "predicate_type": "minecraft:block_match"
          },
          "output_state": {
            "Name": "minecraft:yellow_terracotta"
          }
        },
        {
          "input_predicate": {
            "block": "minecraft:stone",
            "predicate_type": "minecraft:block_match"
          },
          "location_predicate": {
            "block": "minecraft:orange_terracotta",
            "predicate_type": "minecraft:block_match"
          },
          "output_state": {
            "Name": "minecraft:orange_terracotta"
          }
        },
        {
          "input_predicate": {
            "block": "minecraft:stone",
            "predicate_type": "minecraft:block_match"
          },
          "location_predicate": {
            "block": "minecraft:red_terracotta",
            "predicate_type": "minecraft:block_match"
          },
          "output_state": {
            "Name": "minecraft:red_terracotta"
          }
        },
        {
          "input_predicate": {
            "block": "minecraft:stone",
            "predicate_type": "minecraft:block_match"
          },
          "location_predicate": {
            "block": "minecraft:sandstone",
            "predicate_type": "minecraft:block_match"
          },
          "output_state": {
            "Name": "minecraft:sandstone"
          }
        },
        {
          "input_predicate": {
            "block": "minecraft:stone",
            "predicate_type": "minecraft:block_match"
          },
          "location_predicate": {
            "block": "minecraft:sand",
            "predicate_type": "minecraft:block_match"
          },
          "output_state": {
            "Name": "minecraft:sand"
          }
        },
        {
          "input_predicate": {
            "block": "minecraft:stone",
            "predicate_type": "minecraft:block_match"
          },
          "location_predicate": {
            "block": "minecraft:red_sand",
            "predicate_type": "minecraft:block_match"
          },
          "output_state": {
            "Name": "minecraft:red_sand"
          }
        },
        {
          "input_predicate": {
            "block": "minecraft:stone",
            "predicate_type": "minecraft:block_match"
          },
          "location_predicate": {
            "block": "minecraft:red_sandstone",
            "predicate_type": "minecraft:block_match"
          },
          "output_state": {
            "Name": "minecraft:red_sandstone"
          }
        },
        {
          "input_predicate": {
            "block": "minecraft:stone",
            "predicate_type": "minecraft:block_match"
          },
          "location_predicate": {
            "block": "minecraft:water",
            "predicate_type": "minecraft:block_match"
          },
          "output_state": {
            "Name": "minecraft:oak_planks"
          }
        },
        {
          "input_predicate": {
            "block": "minecraft:cobweb",
            "predicate_type": "minecraft:block_match"
          },
          "location_predicate": {
            "block": "minecraft:water",
            "predicate_type": "minecraft:block_match"
          },
          "output_state": {
            "Name": "minecraft:water"
          }
        },
        {
          "input_predicate": {
            "block": "minecraft:cobweb",
            "predicate_type": "minecraft:random_block_match",
            "probability": 0.95
          },
          "location_predicate": {
            "predicate_type": "minecraft:always_true"
          },
          "output_state": {
            "Name": "minecraft:air"
          }
        },
        {
          "input_predicate": {
            "block": "minecraft:rail",
            "predicate_type": "minecraft:random_block_match",
            "probability": 0.7
          },
          "location_predicate": {
            "predicate_type": "minecraft:always_true"
          },
          "output_state": {
            "Name": "minecraft:air"
          }
        },
        {
          "input_predicate": {
            "block": "minecraft:wall_torch",
            "predicate_type": "minecraft:random_block_match",
            "probability": 0.9
          },
          "location_predicate": {
            "predicate_type": "minecraft:always_true"
          },
          "output_state": {
            "Name": "minecraft:air"
          }
        }
      ],
      "processor_type": "minecraft:rule"
    }
  ]
}