{
  "processors": [
    {
      "rules": [
        {
          "output_state": {
            "Name": "minecraft:sand"
          },
          "input_predicate": {
            "block": "minecraft:grass_block",
            "predicate_type": "minecraft:block_match"
          },
          "location_predicate": {
            "block": "minecraft:sand",
            "predicate_type": "minecraft:block_match"
          }
        },
        {
          "output_state": {
            "Name": "minecraft:sandstone"
          },
          "input_predicate": {
            "block": "minecraft:grass_block",
            "predicate_type": "minecraft:block_match"
          },
          "location_predicate": {
            "block": "minecraft:sandstone",
            "predicate_type": "minecraft:block_match"
          }
        },
        {
          "output_state": {
            "Name": "minecraft:stone"
          },
          "input_predicate": {
            "block": "minecraft:grass_block",
            "predicate_type": "minecraft:block_match"
          },
          "location_predicate": {
            "block": "minecraft:stone",
            "predicate_type": "minecraft:block_match"
          }
        }
      ],
      "processor_type": "minecraft:rule"
    }
  ]
}