{
	"type": "minecraft:block_column",
	"config": {
	  "allowed_placement": {
		"type": "minecraft:matching_block_tag",
		"offset":[
			0,
			1,
			0
		],
		"tag": "siscu:column_traspassable"
	  },
	  "prioritize_tip": true,
	  "direction": "down",
	  "layers": [
		{
		  "height": 100,
		  "provider": {
			"type": "minecraft:weighted_state_provider",
			"entries": [
			  {
				"data": {
				  "Name": "minecraft:dirt"
				},
				"weight": 1
			  }
			]
		  }
		}
	  ]
	}
  }