{
  "pools": [
    {
      "rolls": 1,
      "entries": [
        {
          "type": "minecraft:item",
          "name": "minecraft:arrow",
	  "functions": [
	  {
	    "function": "minecraft:set_nbt",
	    "tag": "{CustomModelData:540000}"
	  }
	  ]
        },
        {
          "type": "minecraft:item",
          "name": "minecraft:arrow",
	  "functions": [
	  {
	    "function": "minecraft:set_nbt",
	    "tag": "{CustomModelData:540001}"
	  }
	  ]
        },
        {
          "type": "minecraft:item",
          "name": "minecraft:arrow",
	  "functions": [
	  {
	    "function": "minecraft:set_nbt",
	    "tag": "{CustomModelData:540002}"
	  }
	  ]
        }
	]
  }
  ]
}